order_id,customer_id,product_id,product_name,category,quantity,price,order_date,region,payment_method,total_amount
ORD1000,CUST176,PROD94,Build,Home,3,313.75,2024-05-18,West,PayPal,941.25
ORD1001,CUST229,PROD78,According,Clothing,5,99.55,2023-12-15,South,UPI,497.75
ORD1002,CUST81,PROD14,Rich,Electronics,2,375.53,2023-09-30,South,Credit Card,751.06
ORD1003,CUST139,PROD59,Almost,Books,3,438.23,2025-01-15,North,Cash,1314.69
ORD1004,CUST266,PROD15,Mention,Clothing,2,118.33,2024-09-13,North,UPI,236.66
ORD1005,CUST84,PROD2,Method,Electronics,1,118.15,2023-11-30,East,Credit Card,118.15
ORD1006,CUST17,PROD63,Give,Electronics,4,204.71,2025-05-18,North,PayPal,818.84
ORD1007,CUST154,PROD79,Allow,Toys,3,224.19,2025-03-21,South,Credit Card,672.5699999999999
ORD1008,CUST292,PROD36,Pay,Toys,4,164.02,2024-06-30,North,Credit Card,656.08
ORD1009,CUST162,PROD7,Action,Books,3,205.23,2024-06-02,North,Credit Card,615.6899999999999
ORD1010,CUST111,PROD63,Actually,Toys,3,253.35,2023-08-24,East,Credit Card,760.05
ORD1011,CUST300,PROD27,Lose,Toys,1,353.48,2024-03-08,South,UPI,353.48
ORD1012,CUST21,PROD41,Decision,Home,2,441.25,2024-10-22,North,Credit Card,882.5
ORD1013,CUST174,PROD84,Leg,Toys,1,148.04,2025-04-13,East,PayPal,148.04
ORD1014,CUST97,PROD16,Project,Electronics,3,452.16,2024-09-27,West,Cash,1356.48
ORD1015,CUST228,PROD13,Former,Toys,2,342.77,2024-05-30,West,Cash,685.54
ORD1016,CUST126,PROD80,Job,Toys,5,377.79,2023-12-18,West,Cash,1888.95
ORD1017,CUST27,PROD37,Player,Clothing,2,286.58,2023-10-19,South,PayPal,573.16
ORD1018,CUST143,PROD67,Election,Clothing,1,244.76,2024-07-06,North,UPI,244.76
ORD1019,CUST139,PROD33,Section,Books,4,92.07,2024-07-21,North,UPI,368.28
ORD1020,CUST253,PROD77,Mind,Home,1,427.01,2023-07-12,East,Credit Card,427.01
ORD1021,CUST44,PROD68,Us,Home,5,284.48,2024-04-03,North,UPI,1422.4
ORD1022,CUST152,PROD16,Light,Clothing,5,363.33,2024-01-31,North,PayPal,1816.6499999999999
ORD1023,CUST253,PROD53,Field,Clothing,5,123.45,2024-09-08,South,Cash,617.25
ORD1024,CUST267,PROD35,Realize,Clothing,4,495.46,2025-01-12,East,Cash,1981.84
ORD1025,CUST179,PROD31,Scene,Electronics,2,102.66,2024-04-15,West,PayPal,205.32
ORD1026,CUST264,PROD83,Two,Books,3,410.66,2024-11-18,East,Cash,1231.98
ORD1027,CUST211,PROD54,Wear,Toys,3,377.63,2024-03-23,North,Credit Card,1132.8899999999999
ORD1028,CUST262,PROD64,View,Books,3,191.58,2024-05-20,North,Credit Card,574.74
ORD1029,CUST288,PROD54,Himself,Toys,4,61.51,2024-10-16,North,PayPal,246.04
ORD1030,CUST157,PROD53,Certainly,Electronics,1,76.02,2024-10-11,South,Cash,76.02
ORD1031,CUST4,PROD35,Create,Home,2,163.42,2024-08-13,East,PayPal,326.84
ORD1032,CUST128,PROD25,Rock,Electronics,4,488.42,2024-01-19,North,UPI,1953.68
ORD1033,CUST237,PROD65,Again,Books,4,300.36,2023-09-24,East,PayPal,1201.44
ORD1034,CUST160,PROD49,Nation,Toys,4,143.97,2024-04-21,East,Cash,575.88
ORD1035,CUST291,PROD92,Agency,Electronics,2,29.06,2025-04-16,North,UPI,58.12
ORD1036,CUST207,PROD28,Eight,Toys,1,445.52,2023-07-10,North,Credit Card,445.52
ORD1037,CUST32,PROD6,Wall,Toys,3,136.3,2024-06-02,South,Credit Card,408.90000000000003
ORD1038,CUST70,PROD79,Change,Electronics,1,343.44,2024-11-08,West,UPI,343.44
ORD1039,CUST32,PROD58,Thank,Clothing,5,341.72,2024-02-16,South,PayPal,1708.6000000000001
ORD1040,CUST56,PROD22,Age,Clothing,1,410.82,2024-03-19,East,PayPal,410.82
ORD1041,CUST104,PROD67,Exist,Toys,2,14.48,2023-11-12,West,Credit Card,28.96
ORD1042,CUST158,PROD25,No,Electronics,3,47.0,2024-12-08,South,PayPal,141.0
ORD1043,CUST31,PROD34,Specific,Clothing,1,294.53,2024-09-14,North,PayPal,294.53
ORD1044,CUST178,PROD85,Federal,Electronics,4,92.61,2024-10-19,South,Credit Card,370.44
ORD1045,CUST101,PROD51,Subject,Toys,1,337.95,2023-10-18,West,Credit Card,337.95
ORD1046,CUST123,PROD60,Positive,Books,5,341.87,2023-10-09,East,UPI,1709.35
ORD1047,CUST199,PROD20,Great,Toys,2,288.72,2024-02-08,East,PayPal,577.44
ORD1048,CUST243,PROD29,Young,Books,2,413.43,2023-12-22,South,Cash,826.86
ORD1049,CUST121,PROD46,Few,Home,5,112.87,2025-05-01,East,UPI,564.35
ORD1050,CUST160,PROD26,Cause,Books,5,49.07,2024-04-14,West,Cash,245.35
ORD1051,CUST134,PROD95,Data,Clothing,4,359.41,2024-02-01,North,Cash,1437.64
ORD1052,CUST76,PROD69,Others,Clothing,5,367.3,2023-12-19,North,UPI,1836.5
ORD1053,CUST106,PROD55,Not,Clothing,1,110.79,2024-08-08,East,PayPal,110.79
ORD1054,CUST42,PROD38,Finish,Electronics,2,152.41,2023-08-17,South,Cash,304.82
ORD1055,CUST150,PROD17,Language,Electronics,1,159.0,2024-01-09,South,UPI,159.0
ORD1056,CUST81,PROD78,Charge,Home,1,195.24,2024-04-22,South,UPI,195.24
ORD1057,CUST142,PROD13,Probably,Toys,3,84.89,2024-03-23,East,Credit Card,254.67000000000002
ORD1058,CUST153,PROD65,Pattern,Home,1,287.63,2024-11-23,North,PayPal,287.63
ORD1059,CUST266,PROD34,Among,Toys,1,70.81,2023-12-06,East,UPI,70.81
ORD1060,CUST202,PROD78,He,Clothing,1,499.0,2023-12-31,North,Credit Card,499.0
ORD1061,CUST281,PROD23,Hear,Clothing,1,191.1,2023-12-10,West,Cash,191.1
ORD1062,CUST24,PROD11,Single,Home,1,483.82,2024-11-06,South,UPI,483.82
ORD1063,CUST12,PROD71,Artist,Toys,4,425.64,2024-05-01,South,Credit Card,1702.56
ORD1064,CUST261,PROD32,Foot,Books,1,138.42,2024-05-22,South,Cash,138.42
ORD1065,CUST27,PROD34,Heart,Toys,2,376.73,2023-09-04,East,Cash,753.46
ORD1066,CUST62,PROD25,Effect,Electronics,3,49.48,2023-11-11,West,PayPal,148.44
ORD1067,CUST102,PROD46,Several,Toys,5,185.8,2024-09-19,North,Credit Card,929.0
ORD1068,CUST266,PROD81,Never,Electronics,3,361.05,2024-11-15,West,PayPal,1083.15
ORD1069,CUST244,PROD43,Nation,Toys,1,274.99,2025-01-21,North,UPI,274.99
ORD1070,CUST176,PROD5,Fear,Home,3,98.39,2025-05-25,South,UPI,295.17
ORD1071,CUST103,PROD46,Owner,Toys,1,44.3,2024-11-30,North,Credit Card,44.3
ORD1072,CUST61,PROD95,Modern,Toys,5,55.57,2024-05-16,East,UPI,277.85
ORD1073,CUST56,PROD75,Majority,Books,2,481.7,2024-10-08,North,UPI,963.4
ORD1074,CUST219,PROD96,Attorney,Toys,5,45.69,2023-08-28,South,Cash,228.45
ORD1075,CUST256,PROD45,Series,Books,2,308.29,2023-08-06,North,UPI,616.58
ORD1076,CUST197,PROD41,Run,Toys,4,412.15,2024-04-17,West,Credit Card,1648.6
ORD1077,CUST77,PROD16,Until,Toys,2,127.6,2024-11-30,West,Cash,255.2
ORD1078,CUST84,PROD37,Network,Clothing,5,240.54,2024-07-14,West,Credit Card,1202.7
ORD1079,CUST165,PROD77,Resource,Electronics,4,193.59,2025-03-21,West,Credit Card,774.36
ORD1080,CUST297,PROD62,Yard,Electronics,1,40.34,2025-06-08,West,PayPal,40.34
ORD1081,CUST46,PROD3,Everybody,Books,2,265.36,2024-11-03,North,Credit Card,530.72
ORD1082,CUST156,PROD88,Sit,Clothing,3,111.83,2025-04-04,North,UPI,335.49
ORD1083,CUST43,PROD43,Race,Toys,2,418.67,2025-04-16,South,Credit Card,837.34
ORD1084,CUST65,PROD29,Program,Electronics,1,416.79,2024-08-16,West,UPI,416.79
ORD1085,CUST1,PROD34,Let,Books,1,152.0,2024-10-08,South,UPI,152.0
ORD1086,CUST191,PROD47,Something,Books,2,245.06,2025-02-08,West,Credit Card,490.12
ORD1087,CUST272,PROD42,Lose,Books,4,185.25,2024-10-08,East,Cash,741.0
ORD1088,CUST33,PROD4,Rather,Books,5,224.32,2025-05-22,North,UPI,1121.6
ORD1089,CUST119,PROD83,Strong,Clothing,5,231.94,2023-10-31,North,PayPal,1159.7
ORD1090,CUST194,PROD48,American,Books,1,131.27,2024-02-26,West,UPI,131.27
ORD1091,CUST189,PROD64,Ahead,Books,4,134.39,2023-10-09,East,Credit Card,537.56
ORD1092,CUST225,PROD4,Decision,Books,5,49.08,2023-07-09,North,UPI,245.39999999999998
ORD1093,CUST269,PROD76,Our,Books,1,342.04,2024-10-22,South,PayPal,342.04
ORD1094,CUST102,PROD94,Field,Electronics,5,105.84,2024-08-26,North,PayPal,529.2
ORD1095,CUST105,PROD59,Point,Home,1,482.71,2025-02-04,East,Cash,482.71
ORD1096,CUST222,PROD47,Decade,Toys,3,334.47,2023-09-25,North,UPI,1003.4100000000001
ORD1097,CUST224,PROD29,Grow,Clothing,2,194.14,2024-12-05,South,Credit Card,388.28
ORD1098,CUST165,PROD29,Trial,Electronics,3,135.66,2024-08-13,North,Credit Card,406.98
ORD1099,CUST53,PROD32,Common,Clothing,4,417.09,2024-11-07,East,PayPal,1668.36
ORD1100,CUST259,PROD16,Community,Electronics,4,486.43,2023-08-03,South,Credit Card,1945.72
ORD1101,CUST173,PROD21,Within,Home,3,187.18,2024-04-22,East,Cash,561.54
ORD1102,CUST210,PROD97,Team,Books,3,254.5,2024-02-25,West,Cash,763.5
ORD1103,CUST260,PROD90,Black,Books,1,275.73,2024-04-15,West,PayPal,275.73
ORD1104,CUST151,PROD28,Today,Home,3,470.49,2024-09-24,West,PayPal,1411.47
ORD1105,CUST81,PROD23,Figure,Home,3,313.68,2025-04-27,East,Credit Card,941.04
ORD1106,CUST100,PROD39,Exactly,Books,4,94.87,2023-07-07,West,Credit Card,379.48
ORD1107,CUST128,PROD92,Option,Home,5,163.64,2024-02-25,North,Cash,818.1999999999999
ORD1108,CUST214,PROD64,Office,Clothing,3,110.63,2024-08-10,North,Cash,331.89
ORD1109,CUST61,PROD5,Perhaps,Clothing,3,344.86,2024-04-29,West,UPI,1034.58
ORD1110,CUST89,PROD20,Entire,Clothing,5,405.91,2024-09-11,South,Cash,2029.5500000000002
ORD1111,CUST26,PROD18,Include,Toys,1,178.18,2024-07-30,East,UPI,178.18
ORD1112,CUST257,PROD68,Nothing,Home,4,374.68,2024-04-14,South,Cash,1498.72
ORD1113,CUST248,PROD92,Center,Books,4,70.05,2024-03-10,South,Cash,280.2
ORD1114,CUST99,PROD27,Box,Books,2,61.98,2023-07-08,South,UPI,123.96
ORD1115,CUST264,PROD54,We,Electronics,1,137.31,2024-11-26,South,Credit Card,137.31
ORD1116,CUST19,PROD89,Budget,Home,1,205.93,2024-02-27,East,Cash,205.93
ORD1117,CUST204,PROD21,Poor,Home,3,258.92,2024-06-29,East,PayPal,776.76
ORD1118,CUST170,PROD63,Strategy,Electronics,5,498.84,2025-05-01,East,PayPal,2494.2
ORD1119,CUST139,PROD78,Nearly,Electronics,2,404.19,2024-06-18,West,Cash,808.38
ORD1120,CUST88,PROD9,Far,Electronics,1,332.97,2023-09-23,South,PayPal,332.97
ORD1121,CUST200,PROD36,Challenge,Home,2,363.61,2023-09-30,West,PayPal,727.22
ORD1122,CUST196,PROD65,Understand,Books,3,226.6,2024-12-15,East,PayPal,679.8
ORD1123,CUST85,PROD91,Beautiful,Home,3,446.09,2025-05-09,West,Cash,1338.27
ORD1124,CUST221,PROD67,State,Toys,5,25.31,2025-01-22,West,Credit Card,126.55
ORD1125,CUST150,PROD22,Someone,Clothing,4,424.3,2024-09-24,West,UPI,1697.2
ORD1126,CUST265,PROD39,Site,Home,1,288.36,2024-09-09,West,Cash,288.36
ORD1127,CUST163,PROD68,Person,Books,3,354.81,2024-02-15,West,PayPal,1064.43
ORD1128,CUST146,PROD32,Bring,Home,5,56.57,2024-04-16,West,Credit Card,282.85
ORD1129,CUST253,PROD1,They,Books,5,77.01,2023-09-27,South,Cash,385.05
ORD1130,CUST272,PROD82,Prevent,Clothing,3,70.34,2024-04-25,West,PayPal,211.02
ORD1131,CUST187,PROD22,Focus,Toys,2,166.25,2024-04-24,North,Cash,332.5
ORD1132,CUST60,PROD53,Member,Clothing,5,180.3,2023-09-09,East,PayPal,901.5
ORD1133,CUST252,PROD27,Reflect,Electronics,5,414.83,2023-09-05,North,UPI,2074.15
ORD1134,CUST44,PROD65,Moment,Clothing,1,147.87,2024-05-05,West,Credit Card,147.87
ORD1135,CUST58,PROD24,Task,Electronics,3,174.22,2025-03-02,East,Credit Card,522.66
ORD1136,CUST18,PROD46,Example,Home,4,281.4,2024-01-10,West,Credit Card,1125.6
ORD1137,CUST180,PROD7,Use,Books,4,426.93,2023-11-16,East,UPI,1707.72
ORD1138,CUST224,PROD60,Benefit,Toys,3,283.54,2025-05-01,North,PayPal,850.6200000000001
ORD1139,CUST100,PROD35,Trouble,Electronics,4,204.51,2023-08-07,South,Cash,818.04
ORD1140,CUST204,PROD50,Environment,Clothing,2,390.53,2025-02-03,North,Cash,781.06
ORD1141,CUST185,PROD70,Vote,Books,3,271.01,2024-06-18,South,Credit Card,813.03
ORD1142,CUST224,PROD3,Another,Clothing,2,326.75,2023-11-26,South,UPI,653.5
ORD1143,CUST214,PROD4,Impact,Books,5,92.76,2024-06-04,North,PayPal,463.8
ORD1144,CUST210,PROD75,Relationship,Home,5,117.74,2025-05-04,West,Cash,588.6999999999999
ORD1145,CUST16,PROD75,Place,Clothing,3,319.43,2024-06-12,North,UPI,958.29
ORD1146,CUST113,PROD83,Page,Toys,4,463.79,2023-10-29,South,UPI,1855.16
ORD1147,CUST229,PROD37,Family,Clothing,2,89.11,2024-01-21,West,Credit Card,178.22
ORD1148,CUST236,PROD80,Book,Clothing,4,287.51,2023-12-07,North,UPI,1150.04
ORD1149,CUST72,PROD60,Table,Clothing,4,12.37,2024-12-20,West,UPI,49.48
ORD1150,CUST71,PROD46,Believe,Electronics,1,375.24,2025-06-05,West,Credit Card,375.24
ORD1151,CUST142,PROD2,Receive,Home,1,285.17,2024-08-25,North,UPI,285.17
ORD1152,CUST140,PROD96,Course,Books,4,101.62,2024-06-29,East,PayPal,406.48
ORD1153,CUST119,PROD20,Blood,Books,5,358.0,2023-10-24,South,Credit Card,1790.0
ORD1154,CUST201,PROD62,Letter,Electronics,3,479.95,2024-11-15,East,UPI,1439.85
ORD1155,CUST39,PROD36,Culture,Clothing,4,148.18,2024-02-03,North,PayPal,592.72
ORD1156,CUST92,PROD22,East,Toys,5,445.45,2024-06-26,South,PayPal,2227.25
ORD1157,CUST71,PROD7,Teach,Toys,2,108.35,2024-09-11,West,UPI,216.7
ORD1158,CUST52,PROD1,Couple,Electronics,4,190.36,2024-11-13,West,Credit Card,761.44
ORD1159,CUST145,PROD3,Like,Home,5,415.99,2023-11-03,West,UPI,2079.95
ORD1160,CUST114,PROD68,Simple,Electronics,1,364.12,2024-01-16,North,PayPal,364.12
ORD1161,CUST40,PROD3,Hold,Clothing,1,106.61,2024-07-15,South,Credit Card,106.61
ORD1162,CUST95,PROD64,Any,Toys,5,22.01,2023-07-30,South,Cash,110.05000000000001
ORD1163,CUST40,PROD7,Should,Electronics,4,471.89,2024-08-10,East,UPI,1887.56
ORD1164,CUST272,PROD10,Respond,Books,5,287.16,2024-12-02,East,Credit Card,1435.8000000000002
ORD1165,CUST5,PROD47,Trouble,Clothing,2,135.96,2024-06-07,South,PayPal,271.92
ORD1166,CUST193,PROD98,Adult,Home,1,308.19,2023-12-29,West,Credit Card,308.19
ORD1167,CUST172,PROD59,Worker,Books,2,219.91,2023-09-09,South,Credit Card,439.82
ORD1168,CUST227,PROD56,Ahead,Books,4,149.44,2023-07-23,West,UPI,597.76
ORD1169,CUST77,PROD66,Society,Home,4,443.97,2023-11-08,West,Cash,1775.88
ORD1170,CUST119,PROD90,Today,Books,2,70.94,2025-05-23,North,UPI,141.88
ORD1171,CUST267,PROD70,Themselves,Clothing,3,13.28,2024-02-19,West,Credit Card,39.839999999999996
ORD1172,CUST178,PROD87,True,Electronics,2,312.48,2024-01-29,South,PayPal,624.96
ORD1173,CUST296,PROD72,Left,Electronics,3,90.8,2025-01-08,North,UPI,272.4
ORD1174,CUST210,PROD61,Modern,Toys,2,332.13,2023-10-22,East,Cash,664.26
ORD1175,CUST193,PROD22,Whatever,Home,2,281.48,2024-08-01,South,PayPal,562.96
ORD1176,CUST121,PROD41,Artist,Electronics,3,432.59,2023-10-24,South,Credit Card,1297.77
ORD1177,CUST235,PROD78,Indeed,Toys,1,160.5,2025-03-22,North,PayPal,160.5
ORD1178,CUST163,PROD73,Carry,Clothing,3,254.96,2023-11-09,North,Credit Card,764.88
ORD1179,CUST64,PROD50,Lead,Home,4,384.32,2024-03-02,South,Credit Card,1537.28
ORD1180,CUST284,PROD11,Keep,Home,3,304.09,2024-04-12,East,Credit Card,912.27
ORD1181,CUST172,PROD19,On,Clothing,5,263.24,2025-03-19,West,Cash,1316.2
ORD1182,CUST291,PROD74,Good,Clothing,1,372.1,2025-04-18,East,Credit Card,372.1
ORD1183,CUST165,PROD71,Just,Home,2,217.59,2023-11-21,West,UPI,435.18
ORD1184,CUST181,PROD20,Particularly,Home,3,227.76,2024-04-11,East,Cash,683.28
ORD1185,CUST105,PROD58,Performance,Toys,5,275.94,2025-05-24,South,UPI,1379.7
ORD1186,CUST193,PROD47,Human,Clothing,4,142.84,2024-12-03,West,Credit Card,571.36
ORD1187,CUST2,PROD12,Deep,Clothing,5,438.4,2023-12-08,East,PayPal,2192.0
ORD1188,CUST92,PROD27,Power,Electronics,4,110.03,2024-07-16,West,UPI,440.12
ORD1189,CUST127,PROD33,However,Books,1,25.48,2024-04-01,East,UPI,25.48
ORD1190,CUST107,PROD48,Wall,Books,1,254.37,2024-12-22,North,UPI,254.37
ORD1191,CUST101,PROD38,Most,Toys,5,214.61,2025-03-29,East,Credit Card,1073.0500000000002
ORD1192,CUST294,PROD28,Land,Clothing,1,349.88,2025-06-21,North,Cash,349.88
ORD1193,CUST248,PROD64,Throughout,Electronics,1,359.81,2024-12-17,West,Credit Card,359.81
ORD1194,CUST85,PROD50,Two,Home,3,329.66,2024-02-22,West,Cash,988.98
ORD1195,CUST273,PROD30,Father,Toys,2,181.96,2023-10-22,East,Credit Card,363.92
ORD1196,CUST218,PROD23,Research,Clothing,5,421.91,2025-03-30,East,Credit Card,2109.55
ORD1197,CUST286,PROD52,Toward,Home,3,451.26,2024-01-14,South,Cash,1353.78
ORD1198,CUST153,PROD59,Usually,Home,1,488.5,2024-12-13,South,UPI,488.5
ORD1199,CUST202,PROD30,Glass,Toys,2,427.46,2023-07-18,North,UPI,854.92
ORD1200,CUST17,PROD94,They,Electronics,1,327.16,2023-11-29,North,PayPal,327.16
ORD1201,CUST287,PROD50,Movement,Home,3,466.58,2024-02-16,East,Credit Card,1399.74
ORD1202,CUST98,PROD40,Forward,Toys,5,254.44,2024-02-12,East,Cash,1272.2
ORD1203,CUST237,PROD43,Ahead,Electronics,5,400.9,2023-10-25,West,UPI,2004.5
ORD1204,CUST233,PROD97,Worker,Books,2,367.58,2024-02-27,North,Cash,735.16
ORD1205,CUST43,PROD10,Time,Clothing,5,231.73,2024-10-03,East,Credit Card,1158.6499999999999
ORD1206,CUST278,PROD46,Course,Books,1,287.32,2024-01-18,West,UPI,287.32
ORD1207,CUST213,PROD73,Population,Books,2,383.32,2024-11-10,North,UPI,766.64
ORD1208,CUST188,PROD64,That,Clothing,1,39.56,2023-09-14,North,PayPal,39.56
ORD1209,CUST5,PROD85,Wait,Home,5,389.43,2024-08-28,West,Credit Card,1947.15
ORD1210,CUST152,PROD49,Hotel,Electronics,3,265.76,2023-10-27,East,Credit Card,797.28
ORD1211,CUST17,PROD37,Her,Electronics,5,92.75,2025-04-29,East,UPI,463.75
ORD1212,CUST84,PROD15,Anyone,Electronics,4,54.38,2023-10-22,South,PayPal,217.52
ORD1213,CUST183,PROD4,Institution,Home,3,137.88,2024-06-17,West,UPI,413.64
ORD1214,CUST36,PROD67,Inside,Books,4,95.52,2024-03-17,West,Cash,382.08
ORD1215,CUST297,PROD43,Ok,Electronics,4,426.36,2025-04-30,South,PayPal,1705.44
ORD1216,CUST164,PROD43,Development,Toys,4,296.81,2024-05-19,South,Credit Card,1187.24
ORD1217,CUST50,PROD31,Even,Electronics,2,331.4,2023-10-07,North,PayPal,662.8
ORD1218,CUST263,PROD20,Factor,Clothing,4,295.54,2024-05-05,South,PayPal,1182.16
ORD1219,CUST200,PROD31,Outside,Home,5,314.52,2024-08-23,South,Credit Card,1572.6
ORD1220,CUST168,PROD32,Crime,Toys,1,480.64,2023-08-12,East,Cash,480.64
ORD1221,CUST95,PROD61,Leg,Books,2,171.27,2024-02-12,North,UPI,342.54
ORD1222,CUST170,PROD35,Civil,Electronics,3,250.06,2024-03-01,West,PayPal,750.1800000000001
ORD1223,CUST54,PROD6,Rather,Books,3,485.92,2025-03-04,East,Credit Card,1457.76
ORD1224,CUST61,PROD53,Prevent,Books,5,144.46,2024-12-12,East,PayPal,722.3000000000001
ORD1225,CUST72,PROD76,Together,Books,3,54.72,2024-11-25,East,UPI,164.16
ORD1226,CUST144,PROD46,Why,Clothing,5,196.1,2025-02-23,South,Cash,980.5
ORD1227,CUST126,PROD86,Air,Clothing,3,288.48,2023-08-28,South,Credit Card,865.44
ORD1228,CUST182,PROD53,Modern,Electronics,5,96.42,2024-02-17,North,Credit Card,482.1
ORD1229,CUST111,PROD85,Unit,Electronics,1,444.5,2025-05-11,North,UPI,444.5
ORD1230,CUST207,PROD55,Exactly,Toys,1,403.26,2024-11-09,North,Cash,403.26
ORD1231,CUST235,PROD46,Born,Toys,3,267.73,2023-11-12,South,Cash,803.19
ORD1232,CUST198,PROD24,Technology,Home,1,56.74,2024-12-28,East,Cash,56.74
ORD1233,CUST55,PROD63,Me,Electronics,5,299.74,2024-05-08,South,Cash,1498.7
ORD1234,CUST239,PROD2,Fear,Electronics,1,190.53,2024-02-19,North,PayPal,190.53
ORD1235,CUST155,PROD52,Long,Home,2,172.5,2024-12-25,East,Cash,345.0
ORD1236,CUST192,PROD67,Because,Books,3,423.22,2024-04-06,South,Credit Card,1269.66
ORD1237,CUST171,PROD87,World,Clothing,3,186.87,2024-01-19,East,PayPal,560.61
ORD1238,CUST97,PROD54,Among,Home,1,376.67,2024-06-02,West,PayPal,376.67
ORD1239,CUST251,PROD44,Goal,Electronics,5,215.58,2025-04-02,North,Cash,1077.9
ORD1240,CUST236,PROD76,Two,Books,5,281.04,2023-07-18,South,Credit Card,1405.2
ORD1241,CUST74,PROD3,Increase,Clothing,3,101.54,2025-01-07,South,PayPal,304.62
ORD1242,CUST290,PROD99,Political,Home,4,63.96,2025-01-03,East,UPI,255.84
ORD1243,CUST146,PROD99,Image,Toys,3,267.14,2024-08-02,East,UPI,801.42
ORD1244,CUST180,PROD37,Shoulder,Clothing,5,414.93,2023-07-20,West,Cash,2074.65
ORD1245,CUST24,PROD72,Race,Home,1,411.55,2023-08-04,West,UPI,411.55
ORD1246,CUST278,PROD31,Effect,Electronics,5,399.98,2024-10-30,South,PayPal,1999.9
ORD1247,CUST229,PROD13,Say,Home,4,242.25,2025-05-02,West,PayPal,969.0
ORD1248,CUST47,PROD92,Peace,Home,5,256.6,2025-02-08,South,PayPal,1283.0
ORD1249,CUST100,PROD69,Value,Clothing,4,361.6,2023-09-01,South,UPI,1446.4
ORD1250,CUST277,PROD8,Especially,Home,2,127.85,2024-06-12,East,UPI,255.7
ORD1251,CUST179,PROD64,Model,Clothing,3,137.58,2024-11-27,North,Cash,412.74
ORD1252,CUST95,PROD29,Whether,Clothing,5,345.26,2025-01-19,East,Cash,1726.3
ORD1253,CUST278,PROD23,Second,Home,5,499.69,2025-04-14,East,UPI,2498.45
ORD1254,CUST247,PROD95,Perform,Toys,1,455.78,2023-10-01,North,Cash,455.78
ORD1255,CUST117,PROD73,Their,Books,2,115.99,2024-04-25,South,UPI,231.98
ORD1256,CUST235,PROD84,Structure,Toys,1,101.46,2025-05-10,East,Credit Card,101.46
ORD1257,CUST178,PROD75,Environmental,Clothing,4,401.21,2024-06-16,East,Credit Card,1604.84
ORD1258,CUST88,PROD99,Officer,Home,2,170.47,2024-11-24,East,Cash,340.94
ORD1259,CUST138,PROD89,Data,Electronics,1,475.65,2023-08-31,South,Cash,475.65
ORD1260,CUST244,PROD31,Probably,Clothing,4,256.9,2024-10-09,North,PayPal,1027.6
ORD1261,CUST58,PROD28,Front,Toys,2,452.56,2025-01-22,North,Credit Card,905.12
ORD1262,CUST95,PROD66,Western,Home,1,481.73,2025-03-10,North,Cash,481.73
ORD1263,CUST105,PROD89,Join,Toys,3,447.8,2024-12-04,South,PayPal,1343.4
ORD1264,CUST202,PROD7,Policy,Electronics,1,131.7,2025-02-11,East,PayPal,131.7
ORD1265,CUST293,PROD60,Early,Toys,4,123.68,2023-11-28,South,Credit Card,494.72
ORD1266,CUST194,PROD6,Huge,Clothing,5,183.73,2024-02-23,East,PayPal,918.65
ORD1267,CUST27,PROD77,Special,Books,5,296.02,2024-03-03,West,UPI,1480.1
ORD1268,CUST199,PROD78,A,Electronics,5,297.23,2023-12-14,West,PayPal,1486.15
ORD1269,CUST129,PROD84,Improve,Toys,3,429.6,2023-09-12,North,PayPal,1288.8000000000002
ORD1270,CUST75,PROD80,Strong,Electronics,2,487.61,2024-01-28,South,UPI,975.22
ORD1271,CUST16,PROD48,Notice,Home,2,358.96,2024-01-07,South,UPI,717.92
ORD1272,CUST139,PROD75,Drug,Home,3,87.36,2024-11-12,South,Credit Card,262.08
ORD1273,CUST93,PROD74,Person,Books,5,22.02,2024-10-02,South,Cash,110.1
ORD1274,CUST165,PROD86,Improve,Books,3,394.69,2024-07-18,West,Credit Card,1184.07
ORD1275,CUST36,PROD27,Wind,Toys,5,286.17,2024-05-10,South,Credit Card,1430.8500000000001
ORD1276,CUST155,PROD17,Hotel,Toys,4,223.97,2024-09-24,South,Credit Card,895.88
ORD1277,CUST14,PROD89,Benefit,Clothing,4,38.32,2023-11-24,North,Cash,153.28
ORD1278,CUST166,PROD24,Site,Clothing,2,274.52,2024-05-14,East,Credit Card,549.04
ORD1279,CUST80,PROD96,Measure,Clothing,1,226.84,2023-11-10,South,PayPal,226.84
ORD1280,CUST161,PROD26,Resource,Electronics,2,402.54,2023-07-02,East,Cash,805.08
ORD1281,CUST198,PROD87,How,Books,5,487.35,2024-09-26,South,PayPal,2436.75
ORD1282,CUST98,PROD93,Story,Toys,1,247.29,2023-10-01,North,UPI,247.29
ORD1283,CUST195,PROD27,Situation,Clothing,2,283.83,2023-08-28,North,UPI,567.66
ORD1284,CUST107,PROD87,Professional,Electronics,5,220.9,2023-11-05,North,PayPal,1104.5
ORD1285,CUST178,PROD3,Never,Electronics,3,381.3,2023-10-10,East,Cash,1143.9
ORD1286,CUST61,PROD57,Deal,Clothing,2,266.82,2023-10-01,North,Cash,533.64
ORD1287,CUST205,PROD44,Hot,Toys,4,369.96,2025-06-19,East,UPI,1479.84
ORD1288,CUST27,PROD63,Local,Toys,4,58.09,2025-06-12,East,Cash,232.36
ORD1289,CUST112,PROD27,Place,Toys,3,128.72,2024-07-26,West,Cash,386.15999999999997
ORD1290,CUST277,PROD71,Commercial,Clothing,4,227.59,2025-02-28,East,PayPal,910.36
ORD1291,CUST123,PROD85,Director,Electronics,4,224.92,2024-09-23,South,UPI,899.68
ORD1292,CUST216,PROD13,Reach,Clothing,4,73.08,2024-02-29,North,UPI,292.32
ORD1293,CUST35,PROD42,Whom,Home,1,476.07,2023-08-19,West,PayPal,476.07
ORD1294,CUST298,PROD84,Loss,Clothing,2,290.44,2025-01-10,East,Cash,580.88
ORD1295,CUST175,PROD89,Suddenly,Home,2,39.53,2024-03-25,North,PayPal,79.06
ORD1296,CUST186,PROD30,Above,Clothing,1,63.18,2023-08-23,South,Cash,63.18
ORD1297,CUST262,PROD63,Some,Clothing,4,284.48,2024-06-27,North,UPI,1137.92
ORD1298,CUST297,PROD36,Voice,Toys,1,136.34,2023-07-31,East,UPI,136.34
ORD1299,CUST169,PROD66,Toward,Electronics,2,76.35,2024-05-15,South,PayPal,152.7
ORD1300,CUST287,PROD61,Power,Books,3,310.32,2023-12-25,South,Credit Card,930.96
ORD1301,CUST152,PROD58,Crime,Home,5,479.76,2024-11-14,North,UPI,2398.8
ORD1302,CUST30,PROD22,Task,Books,4,167.65,2024-06-08,South,PayPal,670.6
ORD1303,CUST153,PROD49,Ago,Clothing,5,411.19,2024-09-11,South,Credit Card,2055.95
ORD1304,CUST46,PROD75,Most,Toys,1,454.26,2024-12-02,South,Credit Card,454.26
ORD1305,CUST121,PROD21,Huge,Clothing,1,419.68,2025-02-22,South,UPI,419.68
ORD1306,CUST141,PROD23,Station,Electronics,2,303.61,2025-03-21,East,UPI,607.22
ORD1307,CUST299,PROD69,Wall,Home,4,231.82,2024-02-08,West,Cash,927.28
ORD1308,CUST220,PROD41,Fear,Books,4,273.27,2025-06-13,East,Cash,1093.08
ORD1309,CUST178,PROD71,Hear,Electronics,4,493.0,2024-04-17,East,Credit Card,1972.0
ORD1310,CUST239,PROD17,It,Home,3,82.0,2023-10-05,West,PayPal,246.0
ORD1311,CUST142,PROD34,Talk,Clothing,3,181.93,2023-09-16,North,UPI,545.79
ORD1312,CUST251,PROD53,Back,Toys,4,326.63,2024-06-06,North,UPI,1306.52
ORD1313,CUST150,PROD20,Four,Home,5,234.27,2024-07-29,West,Cash,1171.3500000000001
ORD1314,CUST117,PROD14,Including,Books,1,282.7,2025-03-08,West,PayPal,282.7
ORD1315,CUST263,PROD20,Speak,Books,1,137.37,2024-02-18,North,Credit Card,137.37
ORD1316,CUST12,PROD50,Tonight,Home,2,250.19,2023-10-17,East,PayPal,500.38
ORD1317,CUST11,PROD3,Thus,Toys,5,95.0,2024-01-29,South,PayPal,475.0
ORD1318,CUST89,PROD83,Decide,Electronics,2,69.57,2024-04-25,West,Credit Card,139.14
ORD1319,CUST270,PROD90,Owner,Home,1,177.45,2025-02-16,East,PayPal,177.45
ORD1320,CUST290,PROD79,Western,Electronics,1,188.22,2024-04-17,North,Cash,188.22
ORD1321,CUST274,PROD61,Official,Toys,2,493.58,2023-10-08,North,UPI,987.16
ORD1322,CUST15,PROD82,Approach,Clothing,4,263.04,2024-02-16,North,Cash,1052.16
ORD1323,CUST6,PROD80,Reason,Clothing,2,455.72,2023-11-11,North,UPI,911.44
ORD1324,CUST205,PROD33,Candidate,Books,3,476.36,2023-10-21,East,Credit Card,1429.08
ORD1325,CUST209,PROD70,Hit,Books,4,83.39,2023-09-28,South,UPI,333.56
ORD1326,CUST30,PROD88,Find,Clothing,2,153.18,2023-11-04,South,PayPal,306.36
ORD1327,CUST1,PROD58,Box,Electronics,2,312.24,2024-09-13,East,Cash,624.48
ORD1328,CUST56,PROD96,Blood,Clothing,2,260.29,2024-08-26,West,Credit Card,520.58
ORD1329,CUST239,PROD86,Forward,Books,3,108.92,2024-11-29,East,Credit Card,326.76
ORD1330,CUST180,PROD72,Agree,Clothing,1,46.22,2025-04-15,North,UPI,46.22
ORD1331,CUST28,PROD33,Bank,Clothing,2,295.1,2024-07-16,West,UPI,590.2
ORD1332,CUST43,PROD71,Will,Home,3,133.71,2024-09-05,West,UPI,401.13
ORD1333,CUST58,PROD37,Both,Books,1,203.26,2024-10-15,South,Credit Card,203.26
ORD1334,CUST238,PROD92,Work,Books,3,193.31,2023-09-16,South,UPI,579.9300000000001
ORD1335,CUST225,PROD96,Free,Electronics,2,363.14,2024-10-31,West,Cash,726.28
ORD1336,CUST185,PROD32,Those,Home,5,25.84,2023-10-23,West,PayPal,129.2
ORD1337,CUST5,PROD57,Response,Books,4,405.21,2024-12-21,North,PayPal,1620.84
ORD1338,CUST57,PROD37,Building,Clothing,4,429.41,2025-02-01,East,PayPal,1717.64
ORD1339,CUST103,PROD28,Gas,Books,5,409.88,2023-11-09,East,PayPal,2049.4
ORD1340,CUST251,PROD99,Standard,Books,3,125.45,2025-02-13,North,PayPal,376.35
ORD1341,CUST102,PROD86,Him,Electronics,1,246.57,2025-03-06,North,UPI,246.57
ORD1342,CUST150,PROD98,Moment,Toys,3,178.22,2024-08-31,South,PayPal,534.66
ORD1343,CUST274,PROD56,Street,Electronics,3,285.41,2024-01-13,East,Credit Card,856.23
ORD1344,CUST88,PROD67,True,Electronics,2,281.15,2024-06-12,South,Cash,562.3
ORD1345,CUST134,PROD18,Seven,Home,5,80.15,2024-06-14,North,Credit Card,400.75
ORD1346,CUST84,PROD90,Five,Books,2,233.7,2024-04-01,East,UPI,467.4
ORD1347,CUST152,PROD52,Value,Clothing,4,34.26,2025-05-19,East,UPI,137.04
ORD1348,CUST120,PROD34,World,Books,2,254.43,2025-03-12,North,UPI,508.86
ORD1349,CUST61,PROD90,Reflect,Home,5,307.09,2025-01-23,North,UPI,1535.4499999999998
ORD1350,CUST289,PROD5,Information,Electronics,5,177.11,2024-10-03,North,PayPal,885.5500000000001
ORD1351,CUST70,PROD95,Yet,Home,4,257.51,2024-09-16,South,PayPal,1030.04
ORD1352,CUST68,PROD18,Professor,Toys,2,461.07,2025-02-08,South,Credit Card,922.14
ORD1353,CUST69,PROD58,Great,Home,2,120.17,2023-09-14,North,Cash,240.34
ORD1354,CUST11,PROD86,Data,Electronics,3,115.98,2025-04-02,East,Credit Card,347.94
ORD1355,CUST198,PROD42,System,Toys,4,390.23,2023-10-02,West,UPI,1560.92
ORD1356,CUST141,PROD7,Court,Home,4,197.48,2023-12-24,West,UPI,789.92
ORD1357,CUST222,PROD37,Training,Electronics,3,76.61,2025-04-01,North,UPI,229.82999999999998
ORD1358,CUST109,PROD15,Build,Toys,3,131.97,2025-04-10,South,UPI,395.90999999999997
ORD1359,CUST51,PROD55,Every,Books,3,161.33,2024-05-13,South,PayPal,483.99
ORD1360,CUST21,PROD1,Spring,Home,1,406.01,2025-05-10,West,Credit Card,406.01
ORD1361,CUST293,PROD50,More,Toys,2,296.18,2023-07-20,West,UPI,592.36
ORD1362,CUST117,PROD22,Town,Clothing,4,61.53,2024-09-22,North,UPI,246.12
ORD1363,CUST150,PROD32,People,Electronics,4,85.21,2023-12-09,East,UPI,340.84
ORD1364,CUST230,PROD98,Drive,Toys,1,58.9,2023-08-03,North,PayPal,58.9
ORD1365,CUST256,PROD71,Capital,Toys,1,484.39,2023-09-26,North,Cash,484.39
ORD1366,CUST179,PROD40,Ago,Home,1,170.7,2024-10-26,North,PayPal,170.7
ORD1367,CUST139,PROD95,Condition,Books,1,445.76,2025-05-05,East,UPI,445.76
ORD1368,CUST184,PROD69,Response,Toys,5,237.37,2025-05-10,East,Credit Card,1186.85
ORD1369,CUST49,PROD93,Food,Toys,5,143.28,2023-12-14,North,PayPal,716.4
ORD1370,CUST62,PROD90,Measure,Clothing,2,242.94,2025-01-12,North,PayPal,485.88
ORD1371,CUST109,PROD2,Government,Books,4,128.9,2024-03-18,South,Credit Card,515.6
ORD1372,CUST285,PROD48,Wait,Books,2,477.24,2024-01-21,North,UPI,954.48
ORD1373,CUST84,PROD89,Piece,Clothing,1,351.49,2024-04-04,North,UPI,351.49
ORD1374,CUST247,PROD31,Sense,Clothing,2,87.71,2024-10-10,North,Cash,175.42
ORD1375,CUST168,PROD30,Trade,Books,2,141.71,2025-01-26,South,Cash,283.42
ORD1376,CUST218,PROD49,Fast,Toys,4,18.09,2024-09-25,East,UPI,72.36
ORD1377,CUST263,PROD34,Weight,Home,1,226.38,2024-06-30,South,PayPal,226.38
ORD1378,CUST228,PROD66,Doctor,Home,1,98.28,2023-08-09,West,Cash,98.28
ORD1379,CUST71,PROD79,Kind,Home,4,216.83,2024-09-01,North,PayPal,867.32
ORD1380,CUST172,PROD15,One,Books,2,485.41,2025-01-04,East,UPI,970.82
ORD1381,CUST84,PROD52,Expect,Toys,5,161.4,2024-03-29,North,Credit Card,807.0
ORD1382,CUST3,PROD35,Test,Electronics,3,392.72,2024-08-01,East,Credit Card,1178.16
ORD1383,CUST75,PROD71,Service,Home,5,155.04,2023-07-19,North,Cash,775.1999999999999
ORD1384,CUST197,PROD24,Him,Clothing,2,287.4,2024-03-26,East,PayPal,574.8
ORD1385,CUST241,PROD100,Draw,Clothing,4,367.6,2024-09-05,East,Credit Card,1470.4
ORD1386,CUST185,PROD92,Material,Toys,5,397.84,2023-09-02,South,Cash,1989.1999999999998
ORD1387,CUST146,PROD27,Resource,Toys,5,261.86,2023-11-30,West,Cash,1309.3000000000002
ORD1388,CUST122,PROD89,Series,Toys,4,77.44,2025-04-27,West,UPI,309.76
ORD1389,CUST58,PROD54,Chance,Electronics,3,368.94,2024-08-24,North,Credit Card,1106.82
ORD1390,CUST12,PROD97,Market,Toys,4,398.59,2024-12-08,North,UPI,1594.36
ORD1391,CUST231,PROD76,Ever,Toys,1,64.5,2024-04-05,West,UPI,64.5
ORD1392,CUST7,PROD27,Commercial,Clothing,1,271.35,2024-11-21,East,PayPal,271.35
ORD1393,CUST59,PROD65,Range,Toys,4,201.58,2023-09-18,North,Cash,806.32
ORD1394,CUST235,PROD32,Toward,Clothing,5,276.64,2024-12-28,East,Credit Card,1383.1999999999998
ORD1395,CUST263,PROD91,Assume,Toys,2,376.11,2024-07-06,East,UPI,752.22
ORD1396,CUST79,PROD53,Indicate,Books,4,32.04,2025-02-12,North,PayPal,128.16
ORD1397,CUST193,PROD43,Build,Toys,3,319.83,2024-10-10,East,Credit Card,959.49
ORD1398,CUST300,PROD85,Something,Clothing,5,13.23,2025-01-25,West,PayPal,66.15
ORD1399,CUST48,PROD18,Bring,Electronics,2,320.41,2025-04-07,West,PayPal,640.82
ORD1400,CUST294,PROD85,Agency,Electronics,2,197.94,2024-06-18,East,UPI,395.88
ORD1401,CUST200,PROD70,Car,Books,5,181.6,2023-10-30,South,UPI,908.0
ORD1402,CUST155,PROD10,Hold,Electronics,1,460.02,2024-04-09,South,Credit Card,460.02
ORD1403,CUST157,PROD44,Republican,Books,5,10.42,2023-10-25,West,PayPal,52.1
ORD1404,CUST2,PROD20,Music,Toys,3,211.6,2024-03-14,East,PayPal,634.8
ORD1405,CUST222,PROD33,Thank,Clothing,2,240.63,2024-06-22,North,UPI,481.26
ORD1406,CUST181,PROD89,Feeling,Books,5,371.23,2023-09-05,North,Credit Card,1856.15
ORD1407,CUST152,PROD79,Or,Toys,3,175.81,2024-07-18,West,UPI,527.4300000000001
ORD1408,CUST38,PROD70,Guy,Electronics,2,397.89,2024-09-21,South,PayPal,795.78
ORD1409,CUST32,PROD20,Performance,Clothing,1,51.59,2023-07-31,East,PayPal,51.59
ORD1410,CUST1,PROD67,Day,Electronics,1,283.2,2024-01-31,East,UPI,283.2
ORD1411,CUST202,PROD7,Big,Toys,4,175.42,2023-08-08,West,Credit Card,701.68
ORD1412,CUST244,PROD3,Product,Home,3,237.86,2024-12-06,West,PayPal,713.58
ORD1413,CUST139,PROD88,Threat,Clothing,1,91.52,2024-06-03,North,Cash,91.52
ORD1414,CUST290,PROD21,Within,Home,1,186.68,2025-05-05,South,UPI,186.68
ORD1415,CUST101,PROD92,Research,Books,4,443.12,2023-09-18,East,Credit Card,1772.48
ORD1416,CUST30,PROD72,Issue,Toys,4,50.65,2025-02-01,West,UPI,202.6
ORD1417,CUST234,PROD40,Care,Toys,5,318.45,2024-12-03,East,Credit Card,1592.25
ORD1418,CUST160,PROD49,Recently,Toys,3,266.88,2024-03-01,South,PayPal,800.64
ORD1419,CUST62,PROD59,Each,Toys,1,270.27,2025-04-03,West,PayPal,270.27
ORD1420,CUST32,PROD20,Seven,Toys,2,496.79,2024-11-19,East,Credit Card,993.58
ORD1421,CUST38,PROD77,Deal,Electronics,5,62.64,2023-09-14,South,Credit Card,313.2
ORD1422,CUST40,PROD55,Drive,Books,1,45.69,2024-12-28,West,UPI,45.69
ORD1423,CUST283,PROD75,Although,Electronics,5,365.49,2023-08-22,West,UPI,1827.45
ORD1424,CUST247,PROD28,Religious,Electronics,3,471.69,2024-04-02,North,Credit Card,1415.07
ORD1425,CUST19,PROD19,Relationship,Books,3,13.35,2024-12-03,East,Cash,40.05
ORD1426,CUST268,PROD9,Environmental,Books,1,197.95,2024-10-15,South,Credit Card,197.95
ORD1427,CUST157,PROD98,Lay,Electronics,4,346.68,2024-06-28,West,Cash,1386.72
ORD1428,CUST42,PROD6,Despite,Toys,4,315.62,2024-01-05,East,Cash,1262.48
ORD1429,CUST225,PROD22,Some,Toys,5,12.63,2024-08-18,South,PayPal,63.150000000000006
ORD1430,CUST274,PROD81,Travel,Clothing,5,244.7,2024-07-08,North,Cash,1223.5
ORD1431,CUST187,PROD77,Home,Home,2,269.47,2025-02-16,West,Cash,538.94
ORD1432,CUST271,PROD13,Major,Clothing,3,245.79,2024-05-12,North,Cash,737.37
ORD1433,CUST258,PROD50,Chance,Electronics,2,217.38,2025-05-26,East,Credit Card,434.76
ORD1434,CUST97,PROD25,Inside,Toys,5,161.4,2025-06-23,North,Cash,807.0
ORD1435,CUST105,PROD79,Anyone,Clothing,2,44.11,2023-09-10,West,Credit Card,88.22
ORD1436,CUST212,PROD69,Difference,Home,1,297.68,2024-09-01,East,Credit Card,297.68
ORD1437,CUST141,PROD13,Treat,Electronics,2,156.37,2024-01-17,South,Credit Card,312.74
ORD1438,CUST232,PROD34,Of,Books,2,98.75,2024-05-12,North,Cash,197.5
ORD1439,CUST82,PROD12,Save,Electronics,4,116.4,2025-05-04,East,PayPal,465.6
ORD1440,CUST37,PROD17,Seat,Home,3,394.24,2023-11-27,North,PayPal,1182.72
ORD1441,CUST56,PROD8,Scientist,Home,4,38.67,2024-11-05,South,Credit Card,154.68
ORD1442,CUST19,PROD8,Dog,Books,1,28.5,2024-06-22,South,UPI,28.5
ORD1443,CUST61,PROD98,Star,Books,4,64.87,2024-03-22,East,Cash,259.48
ORD1444,CUST101,PROD67,Even,Books,3,264.87,2024-02-19,East,Credit Card,794.61
ORD1445,CUST217,PROD36,Mother,Clothing,1,57.62,2025-04-08,South,PayPal,57.62
ORD1446,CUST215,PROD26,Field,Home,2,77.59,2023-08-20,East,UPI,155.18
ORD1447,CUST76,PROD48,Worry,Electronics,3,317.23,2025-05-08,West,Credit Card,951.69
ORD1448,CUST264,PROD58,Past,Books,2,268.7,2024-07-20,West,Credit Card,537.4
ORD1449,CUST98,PROD84,Himself,Books,3,149.93,2023-07-14,South,Credit Card,449.79
ORD1450,CUST244,PROD85,Husband,Home,4,88.23,2024-12-23,South,Credit Card,352.92
ORD1451,CUST287,PROD64,Particularly,Home,4,232.2,2023-11-04,South,Credit Card,928.8
ORD1452,CUST92,PROD64,Stay,Electronics,4,485.8,2025-02-16,North,Cash,1943.2
ORD1453,CUST97,PROD52,Then,Books,4,72.81,2024-10-15,North,Credit Card,291.24
ORD1454,CUST257,PROD39,Life,Books,2,253.91,2025-03-13,North,Cash,507.82
ORD1455,CUST108,PROD67,Seat,Toys,3,318.37,2024-02-15,South,UPI,955.11
ORD1456,CUST53,PROD3,Risk,Home,4,345.76,2024-10-20,North,UPI,1383.04
ORD1457,CUST103,PROD3,Hot,Toys,1,441.88,2024-10-10,South,PayPal,441.88
ORD1458,CUST160,PROD22,Smile,Books,4,234.49,2024-01-11,South,PayPal,937.96
ORD1459,CUST137,PROD69,Course,Books,1,212.81,2023-11-04,North,Credit Card,212.81
ORD1460,CUST48,PROD70,When,Toys,4,271.59,2024-07-17,West,PayPal,1086.36
ORD1461,CUST8,PROD92,Above,Electronics,4,364.87,2024-06-16,North,PayPal,1459.48
ORD1462,CUST233,PROD30,Perform,Home,4,342.45,2024-03-24,North,PayPal,1369.8
ORD1463,CUST271,PROD98,Region,Toys,3,204.82,2025-03-01,West,PayPal,614.46
ORD1464,CUST9,PROD2,For,Clothing,4,99.72,2024-07-18,North,Cash,398.88
ORD1465,CUST291,PROD20,Especially,Clothing,1,156.77,2025-04-12,South,UPI,156.77
ORD1466,CUST6,PROD78,Power,Toys,1,103.9,2023-09-07,West,Credit Card,103.9
ORD1467,CUST199,PROD100,Consumer,Clothing,2,117.16,2023-06-30,West,PayPal,234.32
ORD1468,CUST89,PROD28,Who,Books,4,253.07,2024-06-25,West,Credit Card,1012.28
ORD1469,CUST124,PROD91,Firm,Clothing,2,182.01,2024-01-05,South,PayPal,364.02
ORD1470,CUST110,PROD86,Market,Books,5,311.83,2024-10-19,West,Cash,1559.1499999999999
ORD1471,CUST91,PROD5,Past,Books,5,385.1,2025-01-09,North,PayPal,1925.5
ORD1472,CUST197,PROD57,Hot,Clothing,4,63.83,2025-03-07,West,PayPal,255.32
ORD1473,CUST8,PROD43,Be,Toys,2,368.9,2025-02-25,East,PayPal,737.8
ORD1474,CUST252,PROD93,Sound,Electronics,1,246.27,2025-01-24,East,Credit Card,246.27
ORD1475,CUST42,PROD15,Huge,Books,3,60.21,2023-07-05,West,Cash,180.63
ORD1476,CUST41,PROD97,Allow,Books,4,283.11,2023-11-15,South,UPI,1132.44
ORD1477,CUST20,PROD16,Contain,Books,2,244.31,2024-05-11,West,PayPal,488.62
ORD1478,CUST292,PROD67,Guy,Electronics,3,243.31,2023-07-30,East,Cash,729.9300000000001
ORD1479,CUST248,PROD47,Possible,Books,5,292.31,2024-07-29,North,PayPal,1461.55
ORD1480,CUST163,PROD84,Remain,Toys,4,259.25,2023-12-08,South,Cash,1037.0
ORD1481,CUST225,PROD65,Money,Clothing,3,328.24,2024-07-19,South,PayPal,984.72
ORD1482,CUST87,PROD61,Near,Home,1,417.64,2023-10-10,West,Cash,417.64
ORD1483,CUST19,PROD39,West,Books,1,194.12,2025-04-18,East,PayPal,194.12
ORD1484,CUST133,PROD71,Else,Toys,5,494.54,2025-02-11,East,UPI,2472.7000000000003
ORD1485,CUST224,PROD95,Both,Home,3,10.73,2025-02-12,North,PayPal,32.19
ORD1486,CUST191,PROD29,Focus,Electronics,5,166.85,2023-10-16,East,UPI,834.25
ORD1487,CUST294,PROD56,Physical,Clothing,1,276.27,2024-10-08,North,UPI,276.27
ORD1488,CUST136,PROD89,Measure,Clothing,3,195.77,2024-06-01,East,Credit Card,587.3100000000001
ORD1489,CUST63,PROD44,Mother,Home,5,327.33,2024-02-28,West,UPI,1636.6499999999999
ORD1490,CUST188,PROD18,Spring,Electronics,1,447.35,2024-09-19,West,PayPal,447.35
ORD1491,CUST218,PROD69,Under,Books,5,274.82,2024-09-08,North,Credit Card,1374.1
ORD1492,CUST195,PROD61,Feeling,Toys,1,448.21,2024-04-12,North,PayPal,448.21
ORD1493,CUST102,PROD12,School,Toys,4,250.64,2023-08-11,South,UPI,1002.56
ORD1494,CUST69,PROD48,I,Electronics,5,371.27,2024-01-12,North,PayPal,1856.35
ORD1495,CUST15,PROD90,Child,Toys,4,237.19,2024-06-02,West,Credit Card,948.76
ORD1496,CUST270,PROD56,Head,Electronics,3,63.23,2024-02-05,West,Cash,189.69
ORD1497,CUST269,PROD54,Machine,Toys,5,397.13,2024-02-09,South,UPI,1985.65
ORD1498,CUST277,PROD73,First,Books,5,447.15,2024-07-22,West,UPI,2235.75
ORD1499,CUST219,PROD6,Quickly,Electronics,5,135.25,2023-11-21,East,PayPal,676.25
ORD1500,CUST220,PROD22,Control,Toys,4,166.15,2025-06-05,East,Cash,664.6
ORD1501,CUST281,PROD20,Together,Electronics,4,45.23,2024-07-20,South,UPI,180.92
ORD1502,CUST32,PROD63,Task,Electronics,1,422.97,2023-10-12,East,Cash,422.97
ORD1503,CUST267,PROD37,Different,Toys,2,201.94,2023-12-04,East,PayPal,403.88
ORD1504,CUST248,PROD79,Series,Electronics,4,365.95,2024-01-13,West,UPI,1463.8
ORD1505,CUST275,PROD74,Detail,Books,3,212.74,2024-02-11,South,Credit Card,638.22
ORD1506,CUST223,PROD58,Police,Books,1,86.97,2024-11-30,West,PayPal,86.97
ORD1507,CUST282,PROD26,Walk,Books,3,295.29,2024-04-22,West,UPI,885.8700000000001
ORD1508,CUST157,PROD20,Media,Home,2,59.38,2024-10-19,East,Cash,118.76
ORD1509,CUST35,PROD90,Room,Clothing,1,289.59,2023-12-31,East,PayPal,289.59
ORD1510,CUST41,PROD26,Understand,Clothing,1,300.84,2023-12-13,East,Credit Card,300.84
ORD1511,CUST32,PROD15,Ok,Toys,5,107.1,2025-06-09,South,Cash,535.5
ORD1512,CUST103,PROD88,Talk,Clothing,5,490.75,2024-05-08,North,UPI,2453.75
ORD1513,CUST20,PROD41,Expert,Toys,1,329.94,2024-06-10,South,UPI,329.94
ORD1514,CUST273,PROD57,Summer,Toys,2,34.18,2024-10-03,West,UPI,68.36
ORD1515,CUST171,PROD53,Consumer,Home,3,127.58,2024-07-27,West,UPI,382.74
ORD1516,CUST147,PROD18,Drop,Books,1,266.34,2025-01-07,West,PayPal,266.34
ORD1517,CUST193,PROD95,Live,Clothing,3,286.41,2023-07-14,West,UPI,859.23
ORD1518,CUST19,PROD67,Almost,Home,4,45.67,2024-03-09,West,Credit Card,182.68
ORD1519,CUST242,PROD81,Our,Clothing,5,494.06,2023-07-12,East,Cash,2470.3
ORD1520,CUST263,PROD84,Career,Clothing,2,364.16,2024-08-05,East,UPI,728.32
ORD1521,CUST17,PROD81,Agency,Books,3,336.26,2024-04-11,North,PayPal,1008.78
ORD1522,CUST103,PROD91,Career,Electronics,2,380.81,2024-08-31,South,Cash,761.62
ORD1523,CUST28,PROD55,Leg,Toys,2,139.43,2023-10-08,North,PayPal,278.86
ORD1524,CUST187,PROD26,When,Books,4,454.88,2025-04-02,West,PayPal,1819.52
ORD1525,CUST235,PROD15,Top,Electronics,1,271.59,2023-07-31,South,Cash,271.59
ORD1526,CUST149,PROD70,Garden,Books,1,444.2,2025-02-23,South,Cash,444.2
ORD1527,CUST262,PROD32,Strategy,Books,2,244.74,2024-08-07,East,Credit Card,489.48
ORD1528,CUST251,PROD90,Realize,Toys,4,275.23,2024-08-24,West,Credit Card,1100.92
ORD1529,CUST135,PROD55,Training,Electronics,3,371.67,2025-05-12,East,UPI,1115.01
ORD1530,CUST171,PROD70,Report,Electronics,1,19.06,2024-11-26,North,Credit Card,19.06
ORD1531,CUST175,PROD3,During,Home,5,151.9,2024-12-23,West,Cash,759.5
ORD1532,CUST181,PROD65,Early,Books,3,24.69,2024-06-01,South,PayPal,74.07000000000001
ORD1533,CUST6,PROD18,Man,Toys,2,206.08,2025-04-28,West,UPI,412.16
ORD1534,CUST285,PROD1,Ready,Electronics,2,138.23,2024-02-26,North,PayPal,276.46
ORD1535,CUST103,PROD51,What,Electronics,2,485.92,2024-06-11,South,Credit Card,971.84
ORD1536,CUST122,PROD24,Someone,Home,5,230.55,2023-11-03,South,PayPal,1152.75
ORD1537,CUST107,PROD100,Activity,Books,1,312.78,2024-02-27,West,Cash,312.78
ORD1538,CUST285,PROD65,Respond,Electronics,3,488.8,2025-05-24,North,Credit Card,1466.4
ORD1539,CUST261,PROD17,Before,Clothing,4,58.45,2024-05-01,South,Cash,233.8
ORD1540,CUST183,PROD80,Leg,Toys,2,392.96,2024-11-28,East,Cash,785.92
ORD1541,CUST98,PROD38,Attorney,Clothing,2,325.97,2023-07-07,East,UPI,651.94
ORD1542,CUST297,PROD48,Spend,Books,4,184.16,2025-06-13,East,Cash,736.64
ORD1543,CUST62,PROD57,Tv,Clothing,4,13.42,2023-10-19,West,UPI,53.68
ORD1544,CUST175,PROD36,Book,Electronics,3,162.49,2024-10-26,East,Cash,487.47
ORD1545,CUST187,PROD62,Manager,Home,2,432.41,2024-04-17,West,Cash,864.82
ORD1546,CUST100,PROD93,True,Clothing,1,125.97,2024-07-04,West,Credit Card,125.97
ORD1547,CUST274,PROD48,Add,Books,5,489.07,2023-07-01,West,PayPal,2445.35
ORD1548,CUST53,PROD55,Six,Home,1,198.32,2025-03-01,South,Credit Card,198.32
ORD1549,CUST178,PROD27,Measure,Clothing,5,29.93,2024-07-02,North,Credit Card,149.65
ORD1550,CUST80,PROD72,Entire,Home,1,386.32,2024-12-10,South,Cash,386.32
ORD1551,CUST181,PROD30,American,Books,3,439.39,2024-11-29,East,UPI,1318.17
ORD1552,CUST253,PROD13,Brother,Toys,5,323.44,2024-01-24,West,PayPal,1617.2
ORD1553,CUST4,PROD82,Consumer,Electronics,2,175.59,2024-04-02,North,PayPal,351.18
ORD1554,CUST277,PROD10,Where,Toys,1,125.34,2025-01-16,East,UPI,125.34
ORD1555,CUST48,PROD74,Them,Books,3,116.09,2024-03-08,South,UPI,348.27
ORD1556,CUST96,PROD93,Coach,Home,1,34.17,2025-01-01,West,UPI,34.17
ORD1557,CUST176,PROD9,See,Books,5,451.37,2024-07-02,East,UPI,2256.85
ORD1558,CUST241,PROD71,Cut,Toys,1,182.54,2024-01-30,North,UPI,182.54
ORD1559,CUST164,PROD48,Need,Clothing,2,88.55,2024-10-22,West,UPI,177.1
ORD1560,CUST294,PROD40,Book,Clothing,4,123.71,2024-06-12,West,PayPal,494.84
ORD1561,CUST43,PROD24,Record,Books,1,477.32,2023-07-19,North,UPI,477.32
ORD1562,CUST116,PROD93,Election,Books,2,224.12,2025-05-20,East,Cash,448.24
ORD1563,CUST64,PROD56,Next,Home,5,53.65,2025-03-10,South,Credit Card,268.25
ORD1564,CUST105,PROD30,Money,Electronics,2,131.84,2023-07-19,West,UPI,263.68
ORD1565,CUST246,PROD38,Language,Toys,1,471.22,2023-12-31,West,Credit Card,471.22
ORD1566,CUST295,PROD17,Bad,Books,5,480.36,2024-06-13,South,Cash,2401.8
ORD1567,CUST239,PROD44,Send,Electronics,4,306.27,2024-05-27,East,Credit Card,1225.08
ORD1568,CUST237,PROD36,Organization,Clothing,2,83.75,2023-07-04,West,Credit Card,167.5
ORD1569,CUST233,PROD47,Stay,Clothing,3,19.64,2024-11-25,East,PayPal,58.92
ORD1570,CUST257,PROD43,Realize,Books,5,176.09,2024-07-10,East,UPI,880.45
ORD1571,CUST282,PROD22,They,Electronics,1,432.4,2024-10-22,West,UPI,432.4
ORD1572,CUST215,PROD52,Season,Books,3,291.2,2025-01-13,West,Cash,873.5999999999999
ORD1573,CUST21,PROD77,Conference,Books,2,419.29,2024-08-28,North,Cash,838.58
ORD1574,CUST260,PROD33,Why,Electronics,5,161.49,2025-01-31,North,PayPal,807.45
ORD1575,CUST297,PROD71,Story,Clothing,3,320.96,2023-11-29,East,PayPal,962.8799999999999
ORD1576,CUST246,PROD97,Few,Home,1,321.3,2025-01-05,North,UPI,321.3
ORD1577,CUST127,PROD4,Few,Clothing,5,239.04,2024-01-20,East,Credit Card,1195.2
ORD1578,CUST63,PROD14,Know,Electronics,1,421.47,2024-02-16,East,UPI,421.47
ORD1579,CUST98,PROD48,Game,Electronics,2,137.97,2025-01-17,North,UPI,275.94
ORD1580,CUST111,PROD62,Magazine,Home,2,253.37,2024-04-04,West,Cash,506.74
ORD1581,CUST255,PROD48,Piece,Clothing,4,16.96,2025-05-05,West,UPI,67.84
ORD1582,CUST215,PROD19,Question,Home,1,85.75,2025-02-08,South,Cash,85.75
ORD1583,CUST134,PROD16,Blood,Books,2,130.74,2025-05-21,East,UPI,261.48
ORD1584,CUST134,PROD13,Build,Clothing,3,444.97,2023-09-25,East,Credit Card,1334.91
ORD1585,CUST162,PROD58,Letter,Home,3,95.46,2023-07-08,South,UPI,286.38
ORD1586,CUST148,PROD2,Community,Electronics,1,247.34,2024-02-24,West,PayPal,247.34
ORD1587,CUST96,PROD47,Article,Clothing,4,98.81,2023-12-14,South,UPI,395.24
ORD1588,CUST23,PROD40,If,Toys,4,203.79,2024-02-28,North,Credit Card,815.16
ORD1589,CUST74,PROD49,Hit,Electronics,4,290.48,2024-02-15,East,UPI,1161.92
ORD1590,CUST253,PROD16,Campaign,Books,5,271.12,2023-08-21,West,Credit Card,1355.6
ORD1591,CUST197,PROD40,Attention,Books,1,75.33,2024-02-11,North,Cash,75.33
ORD1592,CUST190,PROD58,Probably,Books,5,267.96,2023-10-11,South,UPI,1339.8
ORD1593,CUST248,PROD14,Into,Home,2,176.56,2024-05-30,West,UPI,353.12
ORD1594,CUST199,PROD37,Field,Toys,3,335.08,2025-06-21,East,Cash,1005.24
ORD1595,CUST53,PROD61,Research,Electronics,5,90.56,2024-05-08,East,PayPal,452.8
ORD1596,CUST231,PROD87,Tv,Home,3,169.31,2023-11-20,South,PayPal,507.93
ORD1597,CUST91,PROD90,Until,Clothing,1,180.25,2023-09-20,East,UPI,180.25
ORD1598,CUST90,PROD60,Marriage,Toys,4,255.37,2024-03-21,West,PayPal,1021.48
ORD1599,CUST100,PROD46,Wide,Clothing,3,484.67,2024-07-01,West,UPI,1454.01
ORD1600,CUST24,PROD79,Prove,Electronics,5,379.92,2023-10-23,East,Cash,1899.6000000000001
ORD1601,CUST231,PROD84,Current,Electronics,1,218.34,2024-04-19,East,Cash,218.34
ORD1602,CUST125,PROD96,Single,Clothing,3,236.05,2024-01-25,South,Cash,708.1500000000001
ORD1603,CUST197,PROD62,Anyone,Books,5,244.5,2023-09-09,North,Credit Card,1222.5
ORD1604,CUST193,PROD56,Production,Electronics,3,301.13,2024-11-07,East,UPI,903.39
ORD1605,CUST125,PROD63,Sort,Electronics,1,85.18,2025-01-17,West,UPI,85.18
ORD1606,CUST195,PROD8,Close,Toys,5,56.08,2025-04-22,East,Cash,280.4
ORD1607,CUST17,PROD1,Research,Toys,1,15.99,2025-01-22,West,UPI,15.99
ORD1608,CUST20,PROD49,East,Toys,1,217.52,2025-01-02,North,PayPal,217.52
ORD1609,CUST244,PROD77,Majority,Electronics,5,293.02,2025-05-11,West,Cash,1465.1
ORD1610,CUST54,PROD86,Many,Home,1,237.01,2023-07-08,South,Cash,237.01
ORD1611,CUST186,PROD61,Short,Toys,4,96.23,2025-05-01,North,UPI,384.92
ORD1612,CUST249,PROD60,Star,Books,4,224.1,2024-10-13,North,Credit Card,896.4
ORD1613,CUST118,PROD49,White,Clothing,1,249.62,2025-06-12,North,UPI,249.62
ORD1614,CUST69,PROD80,Throw,Toys,3,435.84,2024-02-02,East,UPI,1307.52
ORD1615,CUST184,PROD27,Rule,Clothing,2,333.15,2024-12-12,West,Cash,666.3
ORD1616,CUST64,PROD14,Table,Clothing,1,32.77,2024-06-29,North,Cash,32.77
ORD1617,CUST31,PROD38,Later,Electronics,4,138.66,2024-01-04,North,Cash,554.64
ORD1618,CUST70,PROD85,Nice,Books,2,15.05,2025-04-12,North,Cash,30.1
ORD1619,CUST1,PROD46,Apply,Electronics,1,11.45,2023-10-25,South,Credit Card,11.45
ORD1620,CUST3,PROD41,Letter,Books,2,183.08,2025-06-23,South,Cash,366.16
ORD1621,CUST282,PROD18,Box,Clothing,2,305.88,2025-03-17,West,UPI,611.76
ORD1622,CUST81,PROD33,Shake,Toys,4,46.58,2025-05-13,North,Credit Card,186.32
ORD1623,CUST107,PROD11,Year,Toys,5,251.44,2024-02-14,West,UPI,1257.2
ORD1624,CUST30,PROD91,Wear,Toys,3,116.06,2024-02-05,North,Cash,348.18
ORD1625,CUST246,PROD98,Senior,Home,1,106.84,2024-11-25,West,PayPal,106.84
ORD1626,CUST265,PROD4,Early,Books,5,498.47,2024-09-03,North,Credit Card,2492.3500000000004
ORD1627,CUST59,PROD79,Appear,Electronics,4,328.08,2025-05-09,North,UPI,1312.32
ORD1628,CUST142,PROD27,Yeah,Books,3,79.19,2024-03-25,North,Credit Card,237.57
ORD1629,CUST122,PROD28,Plan,Clothing,2,386.58,2024-01-30,West,Credit Card,773.16
ORD1630,CUST23,PROD11,Light,Electronics,1,262.27,2025-02-27,West,Cash,262.27
ORD1631,CUST263,PROD39,Community,Toys,5,16.47,2024-03-10,West,PayPal,82.35
ORD1632,CUST42,PROD62,Positive,Clothing,4,316.48,2024-06-23,East,Cash,1265.92
ORD1633,CUST218,PROD53,Believe,Toys,3,143.66,2025-03-18,West,PayPal,430.98
ORD1634,CUST98,PROD81,Stage,Books,1,487.14,2025-03-07,North,UPI,487.14
ORD1635,CUST155,PROD30,Wind,Books,4,464.75,2023-07-08,North,UPI,1859.0
ORD1636,CUST212,PROD63,According,Clothing,2,412.57,2023-08-05,West,Cash,825.14
ORD1637,CUST27,PROD53,Congress,Clothing,4,234.08,2024-09-24,South,PayPal,936.32
ORD1638,CUST158,PROD19,Test,Clothing,2,435.0,2025-03-18,East,Cash,870.0
ORD1639,CUST177,PROD49,Choose,Home,3,257.5,2023-08-01,North,Credit Card,772.5
ORD1640,CUST70,PROD57,Budget,Clothing,2,470.16,2025-03-16,West,PayPal,940.32
ORD1641,CUST63,PROD29,Move,Toys,2,455.43,2025-05-06,North,Cash,910.86
ORD1642,CUST135,PROD18,Democrat,Electronics,4,192.08,2025-02-14,East,Credit Card,768.32
ORD1643,CUST298,PROD37,Government,Home,5,255.14,2025-04-23,West,Credit Card,1275.6999999999998
ORD1644,CUST79,PROD1,Few,Toys,3,249.4,2025-06-16,North,UPI,748.2
ORD1645,CUST206,PROD35,Pass,Toys,2,499.68,2024-05-17,East,Cash,999.36
ORD1646,CUST131,PROD53,Real,Electronics,4,272.11,2023-10-26,South,Credit Card,1088.44
ORD1647,CUST244,PROD20,Edge,Electronics,1,100.69,2025-06-08,South,Credit Card,100.69
ORD1648,CUST193,PROD6,Part,Electronics,2,462.88,2023-09-18,West,Cash,925.76
ORD1649,CUST108,PROD57,Board,Books,4,14.37,2024-06-17,West,Cash,57.48
ORD1650,CUST260,PROD4,Attention,Toys,5,130.28,2023-08-14,West,Cash,651.4
ORD1651,CUST191,PROD61,Method,Home,4,279.42,2024-08-24,West,UPI,1117.68
ORD1652,CUST292,PROD5,Discussion,Books,1,181.89,2023-09-13,East,Cash,181.89
ORD1653,CUST14,PROD91,Require,Home,4,23.18,2023-11-14,East,Credit Card,92.72
ORD1654,CUST34,PROD24,You,Clothing,3,199.41,2024-07-04,South,Credit Card,598.23
ORD1655,CUST48,PROD12,Behavior,Toys,4,244.21,2024-07-02,North,UPI,976.84
ORD1656,CUST52,PROD7,Area,Home,1,281.61,2025-02-04,North,UPI,281.61
ORD1657,CUST49,PROD1,Evening,Clothing,3,104.07,2023-12-18,East,UPI,312.21
ORD1658,CUST97,PROD36,Account,Books,2,374.28,2023-09-10,South,UPI,748.56
ORD1659,CUST107,PROD84,Magazine,Electronics,4,231.96,2025-02-06,North,UPI,927.84
ORD1660,CUST210,PROD85,Skill,Clothing,4,455.89,2023-07-09,South,UPI,1823.56
ORD1661,CUST263,PROD67,Prepare,Electronics,5,131.63,2025-01-26,East,UPI,658.15
ORD1662,CUST144,PROD74,Sure,Home,3,203.57,2024-10-10,West,PayPal,610.71
ORD1663,CUST131,PROD8,Wife,Clothing,2,433.39,2024-10-18,West,UPI,866.78
ORD1664,CUST279,PROD13,Low,Clothing,2,397.72,2024-04-04,West,PayPal,795.44
ORD1665,CUST18,PROD4,Play,Toys,5,437.03,2024-12-10,East,PayPal,2185.1499999999996
ORD1666,CUST6,PROD78,Hand,Books,2,96.71,2025-06-29,West,Credit Card,193.42
ORD1667,CUST59,PROD43,Reach,Books,4,46.55,2025-02-10,West,UPI,186.2
ORD1668,CUST192,PROD78,Either,Clothing,2,178.41,2024-04-29,East,PayPal,356.82
ORD1669,CUST186,PROD36,Treatment,Electronics,2,115.34,2024-07-06,North,UPI,230.68
ORD1670,CUST4,PROD40,Town,Electronics,3,17.37,2024-07-04,North,Cash,52.11
ORD1671,CUST68,PROD54,Exist,Electronics,4,438.74,2024-06-11,West,UPI,1754.96
ORD1672,CUST251,PROD97,World,Clothing,2,493.95,2023-07-30,West,UPI,987.9
ORD1673,CUST126,PROD58,Car,Books,1,90.85,2025-06-23,East,Cash,90.85
ORD1674,CUST34,PROD74,Recognize,Books,4,22.36,2023-08-09,North,Cash,89.44
ORD1675,CUST231,PROD54,Once,Electronics,3,431.43,2024-06-30,West,PayPal,1294.29
ORD1676,CUST118,PROD94,Increase,Electronics,3,436.41,2024-06-23,West,Credit Card,1309.23
ORD1677,CUST83,PROD30,Able,Electronics,3,50.2,2025-03-05,East,UPI,150.60000000000002
ORD1678,CUST8,PROD83,Big,Home,5,281.38,2024-12-02,South,UPI,1406.9
ORD1679,CUST120,PROD67,Hot,Toys,1,499.39,2025-04-20,West,UPI,499.39
ORD1680,CUST113,PROD37,Enough,Books,5,327.74,2025-03-31,South,Credit Card,1638.7
ORD1681,CUST288,PROD62,Believe,Clothing,3,135.13,2024-06-25,East,Credit Card,405.39
ORD1682,CUST264,PROD49,High,Electronics,2,399.58,2024-06-24,West,Credit Card,799.16
ORD1683,CUST37,PROD33,Great,Clothing,1,488.49,2024-07-06,South,PayPal,488.49
ORD1684,CUST61,PROD59,Perform,Clothing,3,34.39,2025-05-31,West,Credit Card,103.17
ORD1685,CUST179,PROD31,Shoulder,Home,2,410.5,2024-01-25,East,UPI,821.0
ORD1686,CUST73,PROD62,Piece,Clothing,5,415.16,2024-03-11,North,PayPal,2075.8
ORD1687,CUST45,PROD18,Leader,Clothing,1,433.84,2025-03-22,North,Cash,433.84
ORD1688,CUST67,PROD91,Student,Books,2,418.18,2024-05-05,East,UPI,836.36
ORD1689,CUST59,PROD100,And,Toys,1,179.38,2024-06-17,South,UPI,179.38
ORD1690,CUST143,PROD63,Chair,Electronics,2,246.11,2024-06-28,East,Cash,492.22
ORD1691,CUST127,PROD10,Rate,Electronics,5,327.01,2024-09-13,South,UPI,1635.05
ORD1692,CUST157,PROD87,Remember,Clothing,2,171.7,2024-09-16,South,UPI,343.4
ORD1693,CUST20,PROD86,Newspaper,Electronics,3,348.45,2023-11-13,North,UPI,1045.35
ORD1694,CUST205,PROD62,Rate,Electronics,1,313.93,2024-08-04,East,Cash,313.93
ORD1695,CUST217,PROD50,Coach,Electronics,1,273.8,2025-03-27,North,Credit Card,273.8
ORD1696,CUST52,PROD87,Quite,Toys,4,389.68,2025-05-23,East,Credit Card,1558.72
ORD1697,CUST114,PROD76,Front,Electronics,2,61.67,2025-06-10,North,PayPal,123.34
ORD1698,CUST171,PROD25,Water,Home,3,448.04,2023-09-05,West,Credit Card,1344.1200000000001
ORD1699,CUST28,PROD73,Example,Toys,3,409.4,2025-04-26,South,PayPal,1228.1999999999998
ORD1700,CUST124,PROD92,Identify,Clothing,3,40.59,2025-04-25,East,PayPal,121.77000000000001
ORD1701,CUST149,PROD54,Third,Electronics,3,109.19,2025-06-21,South,Cash,327.57
ORD1702,CUST279,PROD66,Account,Clothing,2,112.19,2023-08-03,East,PayPal,224.38
ORD1703,CUST152,PROD80,Home,Toys,3,332.85,2025-05-20,East,Credit Card,998.5500000000001
ORD1704,CUST53,PROD87,History,Books,3,125.64,2023-07-13,South,Credit Card,376.92
ORD1705,CUST55,PROD18,Picture,Electronics,5,432.72,2024-04-08,West,Cash,2163.6000000000004
ORD1706,CUST218,PROD81,Officer,Home,2,207.83,2025-06-08,West,Cash,415.66
ORD1707,CUST22,PROD93,Want,Clothing,2,135.36,2024-08-24,West,UPI,270.72
ORD1708,CUST145,PROD37,Physical,Clothing,5,330.15,2023-12-23,South,Cash,1650.75
ORD1709,CUST94,PROD49,If,Books,2,335.6,2024-03-25,East,Cash,671.2
ORD1710,CUST273,PROD55,Before,Books,3,455.56,2025-04-16,North,Cash,1366.68
ORD1711,CUST269,PROD47,Scientist,Home,5,311.93,2023-12-02,West,Cash,1559.65
ORD1712,CUST298,PROD54,Agency,Clothing,1,322.62,2024-11-16,West,Cash,322.62
ORD1713,CUST134,PROD39,Big,Clothing,3,29.8,2024-08-25,West,UPI,89.4
ORD1714,CUST284,PROD32,Return,Clothing,3,27.21,2024-07-22,West,Credit Card,81.63
ORD1715,CUST62,PROD72,Allow,Clothing,4,330.89,2025-03-10,West,UPI,1323.56
ORD1716,CUST194,PROD55,Floor,Books,4,153.82,2024-08-05,West,Cash,615.28
ORD1717,CUST179,PROD86,Official,Books,2,494.47,2023-12-04,East,PayPal,988.94
ORD1718,CUST242,PROD31,Listen,Home,1,417.41,2024-03-24,North,Cash,417.41
ORD1719,CUST287,PROD58,Success,Electronics,4,56.61,2023-12-14,South,UPI,226.44
ORD1720,CUST160,PROD40,Glass,Clothing,1,25.55,2024-03-05,East,PayPal,25.55
ORD1721,CUST279,PROD45,Certain,Electronics,5,208.85,2023-07-30,East,UPI,1044.25
ORD1722,CUST136,PROD82,Light,Home,5,448.71,2024-10-21,South,UPI,2243.5499999999997
ORD1723,CUST1,PROD74,Leg,Books,1,249.65,2025-02-13,East,Cash,249.65
ORD1724,CUST40,PROD80,Speak,Home,5,237.42,2024-08-05,South,PayPal,1187.1
ORD1725,CUST178,PROD15,Less,Clothing,2,191.43,2023-11-22,North,Credit Card,382.86
ORD1726,CUST181,PROD39,Throw,Home,1,380.0,2024-03-31,West,PayPal,380.0
ORD1727,CUST78,PROD8,Every,Toys,4,363.83,2024-05-05,West,Cash,1455.32
ORD1728,CUST280,PROD22,Raise,Clothing,4,244.37,2024-04-11,East,Cash,977.48
ORD1729,CUST266,PROD91,Week,Electronics,1,322.36,2025-03-01,East,UPI,322.36
ORD1730,CUST243,PROD94,Field,Clothing,5,339.67,2024-12-26,South,PayPal,1698.3500000000001
ORD1731,CUST217,PROD24,Even,Books,1,63.16,2024-01-14,West,Cash,63.16
ORD1732,CUST273,PROD34,Free,Home,5,144.78,2024-02-13,South,Cash,723.9
ORD1733,CUST140,PROD50,Admit,Toys,5,272.39,2024-06-08,West,UPI,1361.9499999999998
ORD1734,CUST167,PROD34,Issue,Books,1,363.04,2023-10-25,East,UPI,363.04
ORD1735,CUST7,PROD1,Smile,Home,5,270.92,2023-08-08,North,UPI,1354.6000000000001
ORD1736,CUST147,PROD41,Do,Home,4,392.24,2024-05-20,South,Credit Card,1568.96
ORD1737,CUST76,PROD45,Third,Toys,5,177.69,2025-02-01,East,UPI,888.45
ORD1738,CUST181,PROD14,Clearly,Toys,3,464.15,2023-07-28,South,Credit Card,1392.4499999999998
ORD1739,CUST290,PROD17,Test,Clothing,5,481.67,2024-02-02,West,Cash,2408.35
ORD1740,CUST11,PROD48,Style,Toys,3,282.48,2023-09-26,East,Credit Card,847.44
ORD1741,CUST2,PROD44,Section,Clothing,2,94.82,2024-10-15,North,UPI,189.64
ORD1742,CUST265,PROD87,Consider,Electronics,4,275.63,2023-10-04,South,PayPal,1102.52
ORD1743,CUST40,PROD55,Live,Electronics,1,117.51,2023-11-07,East,Credit Card,117.51
ORD1744,CUST9,PROD40,Agency,Toys,2,336.63,2025-02-09,East,Cash,673.26
ORD1745,CUST233,PROD15,Hour,Home,2,19.06,2024-08-30,West,Cash,38.12
ORD1746,CUST39,PROD88,Player,Home,5,180.03,2025-06-15,East,Credit Card,900.15
ORD1747,CUST241,PROD69,Two,Books,4,434.99,2023-12-22,South,Cash,1739.96
ORD1748,CUST216,PROD62,Despite,Home,3,492.24,2025-01-12,West,UPI,1476.72
ORD1749,CUST295,PROD85,Let,Home,3,32.73,2024-12-23,West,PayPal,98.19
ORD1750,CUST165,PROD12,Break,Electronics,3,153.73,2024-02-24,South,Credit Card,461.18999999999994
ORD1751,CUST246,PROD87,For,Clothing,4,210.05,2024-09-06,North,Credit Card,840.2
ORD1752,CUST106,PROD15,Quickly,Home,1,418.45,2024-06-08,East,Credit Card,418.45
ORD1753,CUST71,PROD100,Camera,Home,5,495.54,2023-07-09,East,Cash,2477.7000000000003
ORD1754,CUST232,PROD7,Report,Toys,1,367.31,2024-02-20,West,Credit Card,367.31
ORD1755,CUST127,PROD26,Tv,Clothing,4,51.02,2023-11-15,West,Credit Card,204.08
ORD1756,CUST184,PROD49,Sell,Toys,2,257.2,2024-07-25,West,UPI,514.4
ORD1757,CUST71,PROD10,Analysis,Toys,1,135.04,2024-08-31,South,UPI,135.04
ORD1758,CUST269,PROD49,Alone,Clothing,4,366.61,2023-11-26,South,Credit Card,1466.44
ORD1759,CUST283,PROD81,Stop,Electronics,3,268.51,2024-11-12,East,PayPal,805.53
ORD1760,CUST123,PROD97,Concern,Electronics,3,397.63,2023-07-14,West,Credit Card,1192.8899999999999
ORD1761,CUST1,PROD13,Control,Toys,2,460.08,2025-05-03,North,PayPal,920.16
ORD1762,CUST93,PROD49,Modern,Electronics,2,325.88,2025-06-11,North,UPI,651.76
ORD1763,CUST88,PROD69,Whether,Books,1,59.32,2023-08-27,South,Credit Card,59.32
ORD1764,CUST110,PROD55,Tell,Books,5,438.61,2024-10-01,West,UPI,2193.05
ORD1765,CUST192,PROD95,Staff,Books,3,276.42,2024-05-16,West,UPI,829.26
ORD1766,CUST169,PROD77,Reality,Clothing,1,209.87,2024-03-05,West,Cash,209.87
ORD1767,CUST247,PROD20,Situation,Books,3,154.78,2025-04-02,West,Credit Card,464.34000000000003
ORD1768,CUST300,PROD11,Side,Home,4,384.26,2024-07-09,East,UPI,1537.04
ORD1769,CUST64,PROD97,Food,Books,3,168.8,2024-06-26,South,Credit Card,506.40000000000003
ORD1770,CUST111,PROD86,Ahead,Toys,5,12.78,2023-08-06,North,Credit Card,63.9
ORD1771,CUST34,PROD22,Try,Clothing,3,49.17,2023-10-15,West,Credit Card,147.51
ORD1772,CUST221,PROD33,Figure,Home,3,269.5,2024-10-11,South,Cash,808.5
ORD1773,CUST273,PROD29,Benefit,Home,3,82.92,2025-06-21,West,Credit Card,248.76
ORD1774,CUST189,PROD77,Arm,Home,3,259.69,2024-07-03,East,PayPal,779.0699999999999
ORD1775,CUST130,PROD22,System,Electronics,3,498.38,2024-02-14,North,Cash,1495.1399999999999
ORD1776,CUST45,PROD44,Require,Toys,4,185.35,2023-09-12,East,Cash,741.4
ORD1777,CUST274,PROD60,Man,Books,2,432.18,2025-05-13,West,UPI,864.36
ORD1778,CUST75,PROD92,Industry,Clothing,3,210.58,2024-02-17,North,Cash,631.74
ORD1779,CUST118,PROD100,Job,Toys,2,224.76,2024-07-03,South,Credit Card,449.52
ORD1780,CUST44,PROD90,Investment,Home,5,97.63,2024-12-26,North,PayPal,488.15
ORD1781,CUST264,PROD7,Ability,Clothing,5,310.37,2024-08-27,West,UPI,1551.85
ORD1782,CUST15,PROD50,Line,Books,5,227.73,2024-06-29,East,PayPal,1138.6499999999999
ORD1783,CUST169,PROD64,Building,Books,2,320.8,2024-01-03,West,UPI,641.6
ORD1784,CUST219,PROD37,Security,Clothing,3,45.93,2024-03-10,South,Cash,137.79
ORD1785,CUST197,PROD74,Win,Books,5,168.62,2024-12-11,West,UPI,843.1
ORD1786,CUST118,PROD28,Attention,Clothing,1,221.0,2023-11-29,North,Cash,221.0
ORD1787,CUST292,PROD7,Less,Electronics,2,129.65,2024-05-20,East,Cash,259.3
ORD1788,CUST178,PROD50,Brother,Clothing,4,372.68,2024-09-10,West,Credit Card,1490.72
ORD1789,CUST268,PROD3,Glass,Home,2,380.91,2024-10-28,South,PayPal,761.82
ORD1790,CUST48,PROD21,Avoid,Toys,3,50.16,2023-10-18,East,Credit Card,150.48
ORD1791,CUST145,PROD53,Fly,Toys,1,124.15,2023-09-15,North,Cash,124.15
ORD1792,CUST36,PROD45,Magazine,Books,2,323.7,2025-05-09,South,PayPal,647.4
ORD1793,CUST281,PROD47,Possible,Home,1,274.16,2025-06-25,South,UPI,274.16
ORD1794,CUST220,PROD80,There,Clothing,2,219.13,2023-11-14,East,Credit Card,438.26
ORD1795,CUST279,PROD69,Laugh,Electronics,5,158.95,2023-10-13,South,Cash,794.75
ORD1796,CUST278,PROD70,Officer,Books,2,232.69,2025-05-06,East,Credit Card,465.38
ORD1797,CUST16,PROD51,Medical,Clothing,2,71.05,2025-04-18,West,Credit Card,142.1
ORD1798,CUST79,PROD25,Purpose,Toys,4,103.3,2025-01-21,South,UPI,413.2
ORD1799,CUST170,PROD57,Arm,Books,3,175.17,2023-12-17,North,Credit Card,525.51
ORD1800,CUST223,PROD30,Interest,Electronics,2,69.83,2024-04-29,East,Credit Card,139.66
ORD1801,CUST182,PROD52,Rate,Books,4,81.36,2024-10-24,South,UPI,325.44
ORD1802,CUST124,PROD24,Final,Clothing,2,465.59,2023-07-30,South,PayPal,931.18
ORD1803,CUST8,PROD73,Participant,Clothing,3,410.34,2023-12-20,East,PayPal,1231.02
ORD1804,CUST278,PROD52,General,Clothing,4,436.33,2025-06-08,South,Cash,1745.32
ORD1805,CUST294,PROD48,Debate,Electronics,3,394.87,2023-08-04,South,UPI,1184.6100000000001
ORD1806,CUST239,PROD79,Total,Books,1,52.14,2024-06-22,North,Cash,52.14
ORD1807,CUST127,PROD62,As,Home,2,113.94,2023-07-19,West,Cash,227.88
ORD1808,CUST217,PROD37,Out,Electronics,3,88.6,2024-11-22,East,Cash,265.79999999999995
ORD1809,CUST89,PROD85,School,Clothing,3,433.81,2023-07-20,North,UPI,1301.43
ORD1810,CUST11,PROD22,If,Books,4,17.7,2024-08-09,West,Credit Card,70.8
ORD1811,CUST201,PROD31,Position,Clothing,1,145.42,2024-04-05,North,Credit Card,145.42
ORD1812,CUST182,PROD40,A,Clothing,5,74.25,2023-10-22,South,UPI,371.25
ORD1813,CUST247,PROD94,Table,Toys,1,118.88,2024-10-24,North,UPI,118.88
ORD1814,CUST234,PROD3,Save,Electronics,4,330.95,2024-01-19,West,Credit Card,1323.8
ORD1815,CUST160,PROD11,Question,Toys,1,378.78,2025-04-21,North,UPI,378.78
ORD1816,CUST103,PROD99,Commercial,Clothing,1,463.43,2023-12-18,South,Credit Card,463.43
ORD1817,CUST112,PROD87,Least,Books,2,209.45,2025-03-27,North,Credit Card,418.9
ORD1818,CUST290,PROD66,Owner,Electronics,5,347.87,2024-05-02,South,PayPal,1739.35
ORD1819,CUST261,PROD84,Dark,Books,5,183.46,2023-09-26,East,UPI,917.3000000000001
ORD1820,CUST157,PROD81,Worker,Books,3,35.46,2025-03-10,West,Cash,106.38
ORD1821,CUST103,PROD72,Camera,Electronics,3,127.24,2024-09-27,East,Credit Card,381.71999999999997
ORD1822,CUST213,PROD37,Activity,Clothing,1,71.77,2024-02-07,South,UPI,71.77
ORD1823,CUST226,PROD70,Four,Electronics,1,246.54,2023-10-13,North,PayPal,246.54
ORD1824,CUST146,PROD89,Nation,Books,5,165.0,2023-10-08,East,Credit Card,825.0
ORD1825,CUST77,PROD27,Worker,Electronics,3,267.74,2023-12-23,West,Credit Card,803.22
ORD1826,CUST214,PROD75,Level,Home,2,438.55,2024-06-18,North,PayPal,877.1
ORD1827,CUST191,PROD8,Discussion,Clothing,4,55.18,2025-01-23,West,Cash,220.72
ORD1828,CUST57,PROD99,Hope,Clothing,5,283.97,2023-09-30,East,Cash,1419.8500000000001
ORD1829,CUST162,PROD8,Compare,Books,4,95.73,2024-02-20,East,Credit Card,382.92
ORD1830,CUST162,PROD33,Both,Toys,3,27.34,2023-11-21,North,UPI,82.02
ORD1831,CUST118,PROD46,Particularly,Electronics,4,419.45,2023-11-07,North,PayPal,1677.8
ORD1832,CUST30,PROD87,Interesting,Electronics,3,64.7,2025-02-25,East,UPI,194.10000000000002
ORD1833,CUST20,PROD30,Exactly,Books,2,109.8,2024-08-31,East,Credit Card,219.6
ORD1834,CUST89,PROD8,Surface,Home,5,362.25,2024-11-27,South,UPI,1811.25
ORD1835,CUST31,PROD27,Yeah,Toys,1,464.84,2024-09-04,South,PayPal,464.84
ORD1836,CUST230,PROD4,Economy,Clothing,1,458.23,2023-08-25,East,PayPal,458.23
ORD1837,CUST257,PROD54,Involve,Electronics,3,463.35,2023-07-10,West,PayPal,1390.0500000000002
ORD1838,CUST7,PROD71,Popular,Books,3,236.05,2023-12-06,East,PayPal,708.1500000000001
ORD1839,CUST70,PROD43,Sell,Clothing,3,397.32,2024-06-16,East,Credit Card,1191.96
ORD1840,CUST49,PROD78,Effect,Clothing,3,127.29,2024-07-21,West,UPI,381.87
ORD1841,CUST217,PROD89,Become,Clothing,3,90.59,2025-03-31,South,PayPal,271.77
ORD1842,CUST166,PROD15,Attack,Clothing,5,337.54,2025-04-20,West,UPI,1687.7
ORD1843,CUST180,PROD34,Reach,Clothing,2,86.37,2024-07-13,East,Cash,172.74
ORD1844,CUST270,PROD78,Along,Home,4,192.59,2024-08-27,South,UPI,770.36
ORD1845,CUST200,PROD63,Price,Home,1,36.39,2024-01-15,West,UPI,36.39
ORD1846,CUST37,PROD46,Business,Electronics,5,360.98,2024-07-17,East,Credit Card,1804.9
ORD1847,CUST149,PROD46,Scientist,Books,2,146.57,2025-03-07,West,Cash,293.14
ORD1848,CUST183,PROD42,Today,Clothing,3,337.99,2025-01-09,West,PayPal,1013.97
ORD1849,CUST28,PROD53,Cultural,Toys,4,346.63,2023-09-29,North,PayPal,1386.52
ORD1850,CUST164,PROD94,Within,Home,1,212.97,2025-04-13,South,UPI,212.97
ORD1851,CUST194,PROD70,Whose,Clothing,2,471.47,2023-07-26,South,Credit Card,942.94
ORD1852,CUST184,PROD29,Trip,Toys,4,232.6,2025-06-25,East,UPI,930.4
ORD1853,CUST82,PROD17,Us,Toys,5,241.53,2023-08-22,East,PayPal,1207.65
ORD1854,CUST184,PROD84,These,Home,5,111.93,2024-02-06,West,Credit Card,559.6500000000001
ORD1855,CUST203,PROD24,Paper,Electronics,1,71.51,2025-02-19,North,Cash,71.51
ORD1856,CUST83,PROD96,Message,Books,3,466.34,2023-09-28,South,Cash,1399.02
ORD1857,CUST249,PROD20,Simple,Clothing,2,463.78,2024-10-21,South,UPI,927.56
ORD1858,CUST12,PROD94,Actually,Books,1,138.35,2024-11-27,West,Cash,138.35
ORD1859,CUST183,PROD19,Decision,Home,1,452.34,2024-03-04,East,UPI,452.34
ORD1860,CUST95,PROD91,Tree,Electronics,5,300.82,2024-03-19,West,UPI,1504.1
ORD1861,CUST30,PROD89,Occur,Books,2,20.15,2025-06-22,South,PayPal,40.3
ORD1862,CUST175,PROD83,Each,Home,2,164.73,2024-05-08,South,UPI,329.46
ORD1863,CUST265,PROD33,Structure,Toys,5,450.38,2023-09-09,East,Credit Card,2251.9
ORD1864,CUST139,PROD12,Focus,Toys,1,419.0,2025-01-03,South,Credit Card,419.0
ORD1865,CUST6,PROD31,Audience,Toys,1,499.58,2024-12-22,East,Cash,499.58
ORD1866,CUST285,PROD25,Section,Books,5,295.68,2024-01-08,South,Credit Card,1478.4
ORD1867,CUST200,PROD14,Ability,Books,4,125.02,2023-10-11,North,PayPal,500.08
ORD1868,CUST197,PROD33,Tell,Toys,1,188.89,2024-05-14,East,PayPal,188.89
ORD1869,CUST64,PROD79,Hand,Home,3,170.75,2023-10-19,West,UPI,512.25
ORD1870,CUST93,PROD55,Simple,Clothing,3,285.35,2024-02-12,East,Credit Card,856.0500000000001
ORD1871,CUST88,PROD96,Several,Electronics,1,279.29,2024-08-27,North,Cash,279.29
ORD1872,CUST184,PROD13,Democratic,Toys,5,324.83,2025-03-19,South,PayPal,1624.1499999999999
ORD1873,CUST172,PROD7,Former,Clothing,5,237.93,2023-11-10,North,Credit Card,1189.65
ORD1874,CUST134,PROD70,Wrong,Clothing,1,181.18,2024-12-10,South,Credit Card,181.18
ORD1875,CUST268,PROD25,Economy,Toys,3,174.07,2024-04-18,South,UPI,522.21
ORD1876,CUST69,PROD45,Name,Toys,3,420.55,2024-12-23,North,UPI,1261.65
ORD1877,CUST156,PROD93,Budget,Clothing,4,187.77,2023-08-11,West,PayPal,751.08
ORD1878,CUST138,PROD97,Try,Clothing,4,74.87,2024-10-19,South,PayPal,299.48
ORD1879,CUST181,PROD95,Reason,Books,4,498.0,2024-08-03,East,PayPal,1992.0
ORD1880,CUST150,PROD14,Floor,Clothing,5,386.22,2024-05-03,East,Cash,1931.1000000000001
ORD1881,CUST259,PROD56,And,Home,3,341.88,2024-01-01,East,Credit Card,1025.6399999999999
ORD1882,CUST230,PROD17,Save,Toys,5,171.19,2025-03-14,East,Cash,855.95
ORD1883,CUST232,PROD88,Guess,Toys,2,147.72,2024-02-28,North,UPI,295.44
ORD1884,CUST60,PROD60,Include,Home,5,35.21,2023-09-26,West,PayPal,176.05
ORD1885,CUST223,PROD72,Certainly,Electronics,1,412.33,2025-01-06,East,UPI,412.33
ORD1886,CUST297,PROD39,Sense,Home,5,387.61,2024-08-07,East,PayPal,1938.0500000000002
ORD1887,CUST12,PROD6,Everyone,Home,5,336.9,2024-09-03,South,UPI,1684.5
ORD1888,CUST1,PROD93,Small,Books,5,372.9,2024-10-30,North,PayPal,1864.5
ORD1889,CUST251,PROD98,Black,Books,1,69.53,2024-02-19,North,UPI,69.53
ORD1890,CUST290,PROD75,Claim,Clothing,5,403.28,2023-10-11,East,UPI,2016.3999999999999
ORD1891,CUST204,PROD73,Discover,Home,5,174.45,2024-05-18,West,PayPal,872.25
ORD1892,CUST100,PROD21,Edge,Home,4,132.75,2023-10-03,East,UPI,531.0
ORD1893,CUST148,PROD76,Safe,Books,4,163.87,2023-08-27,South,UPI,655.48
ORD1894,CUST181,PROD12,Draw,Electronics,5,39.1,2024-04-18,West,Cash,195.5
ORD1895,CUST263,PROD80,Country,Home,5,313.83,2025-06-27,South,UPI,1569.1499999999999
ORD1896,CUST101,PROD28,Production,Clothing,1,369.98,2024-04-12,South,Cash,369.98
ORD1897,CUST247,PROD68,Young,Books,3,484.4,2024-02-19,East,Credit Card,1453.1999999999998
ORD1898,CUST262,PROD92,Report,Clothing,1,14.14,2024-06-22,North,UPI,14.14
ORD1899,CUST283,PROD1,Others,Books,1,329.33,2024-04-05,East,PayPal,329.33
ORD1900,CUST72,PROD32,Some,Electronics,2,21.28,2024-06-27,North,UPI,42.56
ORD1901,CUST74,PROD87,Available,Electronics,4,180.61,2024-11-29,North,UPI,722.44
ORD1902,CUST54,PROD77,Police,Toys,3,23.43,2024-06-28,East,UPI,70.28999999999999
ORD1903,CUST197,PROD7,True,Clothing,2,289.4,2025-03-10,East,Credit Card,578.8
ORD1904,CUST192,PROD96,Research,Electronics,4,314.62,2025-04-27,East,Credit Card,1258.48
ORD1905,CUST60,PROD32,Number,Electronics,5,385.5,2024-04-30,South,UPI,1927.5
ORD1906,CUST249,PROD30,Official,Books,5,329.37,2025-04-01,North,Credit Card,1646.85
ORD1907,CUST229,PROD44,Natural,Toys,4,417.86,2024-02-06,West,Credit Card,1671.44
ORD1908,CUST16,PROD11,Table,Toys,4,280.67,2023-12-03,North,PayPal,1122.68
ORD1909,CUST106,PROD71,Before,Home,1,300.99,2023-11-07,South,Credit Card,300.99
ORD1910,CUST67,PROD13,Analysis,Books,4,163.99,2024-10-06,West,Cash,655.96
ORD1911,CUST205,PROD21,Seat,Electronics,4,48.58,2023-07-17,South,PayPal,194.32
ORD1912,CUST52,PROD20,President,Books,4,362.04,2024-10-05,East,Cash,1448.16
ORD1913,CUST41,PROD49,Woman,Books,4,80.74,2024-02-01,West,Cash,322.96
ORD1914,CUST201,PROD4,Operation,Clothing,4,186.26,2024-12-16,North,Cash,745.04
ORD1915,CUST43,PROD14,Key,Electronics,5,352.53,2023-09-08,East,Credit Card,1762.6499999999999
ORD1916,CUST293,PROD87,Go,Electronics,3,418.34,2024-12-07,South,PayPal,1255.02
ORD1917,CUST226,PROD11,Chance,Electronics,4,276.5,2024-10-12,South,UPI,1106.0
ORD1918,CUST71,PROD69,Hard,Clothing,2,429.76,2025-06-06,South,Cash,859.52
ORD1919,CUST180,PROD83,Technology,Books,5,339.1,2023-10-14,East,PayPal,1695.5
ORD1920,CUST36,PROD6,Outside,Toys,5,343.15,2023-09-14,South,Cash,1715.75
ORD1921,CUST287,PROD14,Figure,Home,3,302.01,2024-05-08,West,UPI,906.03
ORD1922,CUST107,PROD22,Push,Electronics,1,279.19,2024-10-22,North,UPI,279.19
ORD1923,CUST241,PROD52,Analysis,Toys,1,165.48,2025-01-28,North,Cash,165.48
ORD1924,CUST261,PROD69,Need,Electronics,4,60.05,2024-01-16,North,Credit Card,240.2
ORD1925,CUST150,PROD86,Report,Home,5,191.89,2025-06-09,South,Credit Card,959.4499999999999
ORD1926,CUST84,PROD24,Eat,Books,5,346.35,2024-07-07,South,Cash,1731.75
ORD1927,CUST17,PROD9,Box,Books,2,202.54,2025-03-29,East,PayPal,405.08
ORD1928,CUST104,PROD94,Piece,Books,4,48.46,2023-07-12,West,Credit Card,193.84
ORD1929,CUST219,PROD82,White,Toys,3,425.24,2024-07-22,West,UPI,1275.72
ORD1930,CUST53,PROD46,Less,Clothing,2,169.35,2023-11-18,South,UPI,338.7
ORD1931,CUST1,PROD12,And,Clothing,2,389.11,2023-10-18,South,PayPal,778.22
ORD1932,CUST285,PROD53,View,Books,4,182.14,2025-05-18,South,Cash,728.56
ORD1933,CUST231,PROD43,Item,Books,2,184.88,2024-10-21,South,PayPal,369.76
ORD1934,CUST122,PROD85,Many,Electronics,5,223.04,2024-12-11,West,Cash,1115.2
ORD1935,CUST82,PROD21,Condition,Electronics,1,86.04,2025-02-01,South,Credit Card,86.04
ORD1936,CUST249,PROD80,Me,Toys,3,337.79,2024-07-07,South,PayPal,1013.3700000000001
ORD1937,CUST118,PROD5,Perform,Clothing,1,322.83,2025-04-24,South,Credit Card,322.83
ORD1938,CUST63,PROD44,Rich,Home,4,215.23,2025-03-09,South,UPI,860.92
ORD1939,CUST281,PROD26,Take,Books,3,292.84,2023-08-30,East,Credit Card,878.52
ORD1940,CUST2,PROD95,Southern,Clothing,1,136.31,2025-03-13,South,Credit Card,136.31
ORD1941,CUST262,PROD4,Close,Clothing,5,440.71,2025-03-03,East,PayPal,2203.5499999999997
ORD1942,CUST44,PROD39,Condition,Books,2,465.21,2023-10-22,South,UPI,930.42
ORD1943,CUST248,PROD46,Stand,Electronics,3,354.95,2024-12-26,North,PayPal,1064.85
ORD1944,CUST100,PROD95,Or,Home,3,42.68,2024-05-23,East,Cash,128.04
ORD1945,CUST176,PROD60,Girl,Books,1,26.79,2024-07-27,West,PayPal,26.79
ORD1946,CUST299,PROD47,Party,Books,4,481.78,2025-05-23,West,Cash,1927.12
ORD1947,CUST122,PROD24,Beyond,Electronics,5,49.27,2025-01-08,South,UPI,246.35000000000002
ORD1948,CUST8,PROD50,Middle,Home,5,486.15,2025-06-04,South,Cash,2430.75
ORD1949,CUST242,PROD91,Everything,Electronics,5,469.2,2024-11-01,South,UPI,2346.0
ORD1950,CUST50,PROD51,Young,Home,3,441.96,2024-06-27,East,PayPal,1325.8799999999999
ORD1951,CUST49,PROD41,Strategy,Electronics,3,193.92,2025-04-01,East,PayPal,581.76
ORD1952,CUST251,PROD49,Ability,Electronics,5,218.83,2025-04-30,North,Credit Card,1094.15
ORD1953,CUST49,PROD37,Article,Clothing,2,153.01,2025-02-16,South,Credit Card,306.02
ORD1954,CUST117,PROD30,Eat,Electronics,2,372.87,2024-08-23,East,Credit Card,745.74
ORD1955,CUST56,PROD27,Media,Clothing,2,244.19,2025-05-10,North,Credit Card,488.38
ORD1956,CUST272,PROD33,Commercial,Toys,5,121.43,2024-08-28,East,UPI,607.1500000000001
ORD1957,CUST74,PROD23,Seek,Electronics,3,87.99,2023-12-26,South,Cash,263.96999999999997
ORD1958,CUST110,PROD6,Long,Books,3,455.93,2024-11-14,West,PayPal,1367.79
ORD1959,CUST70,PROD22,Me,Clothing,1,94.21,2024-03-11,South,PayPal,94.21
ORD1960,CUST183,PROD90,Many,Home,2,391.2,2024-02-19,North,PayPal,782.4
ORD1961,CUST286,PROD77,Dinner,Home,2,125.25,2024-09-24,North,PayPal,250.5
ORD1962,CUST86,PROD66,Offer,Books,1,136.14,2024-02-01,West,UPI,136.14
ORD1963,CUST231,PROD58,Keep,Home,5,474.71,2023-07-01,West,Credit Card,2373.5499999999997
ORD1964,CUST40,PROD24,East,Electronics,2,358.88,2024-09-01,South,Cash,717.76
ORD1965,CUST231,PROD38,Look,Electronics,5,177.21,2024-10-27,South,UPI,886.0500000000001
ORD1966,CUST38,PROD86,Business,Books,3,116.5,2025-04-19,East,Credit Card,349.5
ORD1967,CUST183,PROD75,Eye,Books,1,480.25,2024-04-05,West,Cash,480.25
ORD1968,CUST81,PROD2,Impact,Toys,1,341.96,2024-11-01,West,PayPal,341.96
ORD1969,CUST156,PROD56,With,Clothing,2,178.8,2024-02-10,North,PayPal,357.6
ORD1970,CUST66,PROD56,Usually,Home,5,450.44,2024-03-05,East,UPI,2252.2
ORD1971,CUST156,PROD90,Church,Home,1,406.83,2025-04-20,South,PayPal,406.83
ORD1972,CUST172,PROD74,Light,Toys,5,460.56,2025-02-01,West,Cash,2302.8
ORD1973,CUST57,PROD2,Quite,Home,2,116.11,2023-10-23,South,PayPal,232.22
ORD1974,CUST96,PROD22,Authority,Books,1,379.07,2025-02-11,East,Credit Card,379.07
ORD1975,CUST297,PROD92,Knowledge,Books,2,103.96,2024-06-24,East,Cash,207.92
ORD1976,CUST153,PROD78,Congress,Clothing,5,397.75,2024-03-27,North,Credit Card,1988.75
ORD1977,CUST45,PROD42,Expect,Books,2,116.46,2024-07-05,West,Credit Card,232.92
ORD1978,CUST9,PROD82,Exist,Clothing,2,131.35,2024-09-16,West,UPI,262.7
ORD1979,CUST259,PROD100,Assume,Clothing,4,471.68,2025-01-10,South,PayPal,1886.72
ORD1980,CUST288,PROD82,Group,Electronics,2,142.16,2023-10-02,East,UPI,284.32
ORD1981,CUST7,PROD36,Address,Toys,5,262.21,2023-10-07,East,PayPal,1311.05
ORD1982,CUST53,PROD2,Hit,Toys,1,119.51,2024-03-23,South,Cash,119.51
ORD1983,CUST238,PROD40,Today,Clothing,4,389.02,2023-10-12,East,UPI,1556.08
ORD1984,CUST94,PROD35,Own,Toys,4,399.06,2025-01-08,West,UPI,1596.24
ORD1985,CUST220,PROD73,Let,Toys,5,21.0,2024-03-19,West,UPI,105.0
ORD1986,CUST65,PROD22,Would,Electronics,4,339.52,2023-12-20,North,Cash,1358.08
ORD1987,CUST91,PROD44,Create,Electronics,1,82.69,2024-10-06,East,Credit Card,82.69
ORD1988,CUST66,PROD43,Beyond,Home,4,210.25,2023-08-29,East,UPI,841.0
ORD1989,CUST160,PROD59,Receive,Electronics,1,444.51,2024-05-16,East,PayPal,444.51
ORD1990,CUST220,PROD47,White,Home,3,104.13,2024-12-14,East,UPI,312.39
ORD1991,CUST47,PROD15,Themselves,Electronics,3,117.36,2024-06-30,East,PayPal,352.08
ORD1992,CUST214,PROD92,Do,Electronics,3,18.19,2025-02-16,West,Cash,54.57000000000001
ORD1993,CUST43,PROD31,Executive,Books,3,91.73,2023-09-27,North,Cash,275.19
ORD1994,CUST236,PROD57,Agency,Books,2,252.83,2024-07-12,East,Cash,505.66
ORD1995,CUST6,PROD36,Much,Books,5,106.39,2025-05-22,East,Cash,531.95
ORD1996,CUST264,PROD48,End,Books,5,80.69,2024-11-10,East,Credit Card,403.45
ORD1997,CUST291,PROD10,Movie,Electronics,1,209.74,2023-12-29,East,Credit Card,209.74
ORD1998,CUST135,PROD63,Ok,Home,1,441.29,2024-12-25,East,UPI,441.29
ORD1999,CUST161,PROD87,Member,Books,2,338.3,2025-05-13,East,Credit Card,676.6
